,words
0,"1931,5036,1840,813,2698,0,4112,3434,610,15,5355,1150,5205,0,4056,895,1430,4956,0,0,2898,1885,3011,1150,895,4849,2658,1438,3940,3041,1854,4156,1675,5278,1879,5052,3463,3781,3674,929,0,0,0,0,0,0,0,0,0,0,0,0,0,0,0,0,0,0,0,0,0,0,0,0,0,0,0,0,0,0,0,0,0,0,0,0,0,0,0,0,0,0,0,0,0,0,0,0,0,0,0,0,0,0,0,0,0,0,0,0"
1,"3615,813,2685,813,579,3887,0,4515,5090,1659,1444,2161,5022,3674,3763,0,0,0,0,0,3615,813,2685,813,579,3887,0,4515,5090,1659,1444,2161,5022,3674,3763,0,0,0,0,0,375,2838,1401,1659,1960,1509,1940,0,4951,1960,4971,0,0,0,0,0,0,0,0,0,0,0,0,0,0,0,0,0,0,0,0,0,0,0,0,0,0,0,0,0,0,0,0,0,0,0,0,0,0,0,0,0,0,0,0,0,0,0,0,0"
2,"1708,1438,4720,610,3463,4156,4786,4156,2121,4423,2947,4720,958,0,0,0,0,0,0,0,3192,3302,4720,1277,4156,3463,4156,4720,3940,3011,1150,5087,1473,4071,5264,1537,1162,4156,1394,1140,52,4720,3011,610,5090,1990,1009,3940,3011,1150,3915,0,0,0,0,0,0,0,0,0,0,0,0,0,0,0,0,0,0,0,0,0,0,0,0,0,0,0,0,0,0,0,0,0,0,0,0,0,0,0,0,0,0,0,0,0,0,0,0,0"
3,"3671,4710,3674,3011,1150,1521,0,0,0,0,0,0,0,0,0,0,0,0,0,0,3671,4710,3674,3011,1150,1521,0,0,0,0,0,0,0,0,0,0,0,0,0,0,5083,3463,895,3752,209,5399,2534,1988,0,0,0,0,0,0,0,0,0,0,0,0,0,0,0,0,0,0,0,0,0,0,0,0,0,0,0,0,0,0,0,0,0,0,0,0,0,0,0,0,0,0,0,0,0,0,0,0,0,0,0,0"
4,"3451,3703,3752,375,2773,5288,2845,4743,4347,3940,2121,3980,4262,1009,4156,30,3940,2845,3573,375,1471,3011,1150,895,3940,2845,3573,3784,1475,848,1009,3752,3011,4768,3434,1960,4933,1682,1675,3752,0,0,0,0,0,0,0,0,0,0,0,0,0,0,0,0,0,0,0,0,0,0,0,0,0,0,0,0,0,0,0,0,0,0,0,0,0,0,0,0,0,0,0,0,0,0,0,0,0,0,0,0,0,0,0,0,0,0,0,0"
5,"5034,3988,3856,1438,1659,2909,0,0,0,0,0,0,0,0,0,0,0,0,0,0,3451,3703,1430,3434,5160,127,1911,4156,1444,3882,371,1960,1009,1659,841,2360,848,4156,736,0,0,0,0,0,0,0,0,0,0,0,0,0,0,0,0,0,0,0,0,0,0,0,0,0,0,0,0,0,0,0,0,0,0,0,0,0,0,0,0,0,0,0,0,0,0,0,0,0,0,0,0,0,0,0,0,0,0,0,0,0"
6,"52,4720,3011,1697,1438,1659,2909,0,0,0,0,0,0,0,0,0,0,0,0,0,52,4720,3011,1697,1438,1659,2909,0,0,0,0,0,0,0,0,0,0,0,0,0,0,0,0,0,0,0,0,0,0,0,0,0,0,0,0,0,0,0,0,0,0,0,0,0,0,0,0,0,0,0,0,0,0,0,0,0,0,0,0,0,0,0,0,0,0,0,0,0,0,0,0,0,0,0,0,0,0,0,0,0"
7,"1456,4276,3752,573,3192,1009,4720,4407,1894,579,522,3940,1960,1638,3192,3633,4720,2433,4156,2903,1456,4276,3752,573,3192,1009,4720,4407,1894,579,522,3940,1960,1638,3192,3633,4720,2433,4156,2903,0,0,0,0,0,0,0,0,0,0,0,0,0,0,0,0,0,0,0,0,0,0,0,0,0,0,0,0,0,0,0,0,0,0,0,0,0,0,0,0,0,0,0,0,0,0,0,0,0,0,0,0,0,0,0,0,0,0,0,0"
8,"4344,1245,291,971,3940,4156,2866,971,2544,4156,375,5207,610,5090,4156,49,3192,1009,4720,2207,4344,3703,3940,4281,1438,3674,4602,5230,4156,308,537,4653,2883,303,3225,4996,4720,610,2993,1593,0,0,0,0,0,0,0,0,0,0,0,0,0,0,0,0,0,0,0,0,0,0,0,0,0,0,0,0,0,0,0,0,0,0,0,0,0,0,0,0,0,0,0,0,0,0,0,0,0,0,0,0,0,0,0,0,0,0,0,0"
9,"52,4720,4116,4071,3590,2720,4648,1659,3180,3004,3542,813,579,2550,4653,4563,3940,3590,4390,1009,52,4720,4116,4071,3590,2720,4648,1659,3180,3004,3542,813,579,2550,4653,4563,3940,3590,4390,1009,4640,5207,5090,1659,2010,1659,2845,3781,453,468,1960,2685,2928,4071,579,932,4653,3002,3411,3434,0,0,0,0,0,0,0,0,0,0,0,0,0,0,0,0,0,0,0,0,0,0,0,0,0,0,0,0,0,0,0,0,0,0,0,0,0,0,0,0"
10,"1612,4091,3752,3011,5356,4355,0,0,0,0,0,0,0,0,0,0,0,0,0,0,52,3781,5207,2375,3686,219,2498,1960,3274,1126,1788,5207,610,1324,4156,255,5121,2158,3674,1960,0,0,0,0,0,0,0,0,0,0,0,0,0,0,0,0,0,0,0,0,0,0,0,0,0,0,0,0,0,0,0,0,0,0,0,0,0,0,0,0,0,0,0,0,0,0,0,0,0,0,0,0,0,0,0,0,0,0,0,0"
11,"1931,4156,4834,1758,3752,1150,1862,2479,2794,512,3752,3496,4071,2131,3848,1554,610,1366,1659,3304,752,5207,892,5090,4156,4328,1659,2027,2898,2381,2904,895,2223,3940,2845,1758,579,5207,610,3856,0,0,0,0,0,0,0,0,0,0,0,0,0,0,0,0,0,0,0,0,0,0,0,0,0,0,0,0,0,0,0,0,0,0,0,0,0,0,0,0,0,0,0,0,0,0,0,0,0,0,0,0,0,0,0,0,0,0,0,0"
12,"1908,3292,209,3592,3674,4653,4242,2216,2161,4156,4840,2809,4156,1557,2535,1960,2409,3000,0,2570,1908,3292,209,3592,3674,4653,4242,2216,2161,4156,4840,2809,4156,1557,2535,1960,2409,3000,0,2570,1908,3292,209,3592,3674,4653,4242,2216,2161,4156,4840,2809,4156,1557,2535,1960,2409,3000,0,2570,1908,3292,209,3592,3674,4653,4242,2216,2161,4156,4840,2809,4156,1557,2535,1960,2409,3000,0,2570,1908,3292,209,3592,3674,4653,4242,2216,2161,4156,4840,2809,4156,1557,2535,1960,2409,3000,0,2570"
13,"4640,4720,3882,3926,1659,895,4849,300,4091,3208,4344,3540,2444,491,1659,2569,5388,4091,4720,97,4640,4720,3882,3926,1659,895,4849,300,4091,3208,4344,3540,2444,491,1659,2569,5388,4091,4720,97,4640,4720,3882,3926,1659,895,4849,300,4091,3208,4344,3540,2444,491,1659,2569,5388,4091,4720,97,0,0,0,0,0,0,0,0,0,0,0,0,0,0,0,0,0,0,0,0,0,0,0,0,0,0,0,0,0,0,0,0,0,0,0,0,0,0,0,0"
14,"912,4720,3011,1697,4246,0,4344,3089,117,4653,895,3752,4408,4344,5207,3628,3405,1659,579,932,912,4720,3011,1697,4246,0,4344,3089,117,4653,895,3752,4408,4344,5207,3628,3405,1659,579,932,0,0,0,0,0,0,0,0,0,0,0,0,0,0,0,0,0,0,0,0,0,0,0,0,0,0,0,0,0,0,0,0,0,0,0,0,0,0,0,0,0,0,0,0,0,0,0,0,0,0,0,0,0,0,0,0,0,0,0,0"
15,"4344,1444,1960,2376,4071,4782,3752,589,3297,4156,4597,1430,0,667,4344,3814,1401,3940,2200,4344,4344,1444,1960,2376,4071,4782,3752,589,3297,4156,4597,1430,0,667,4344,3814,1401,3940,2200,4344,0,0,0,0,0,0,0,0,0,0,0,0,0,0,0,0,0,0,0,0,0,0,0,0,0,0,0,0,0,0,0,0,0,0,0,0,0,0,0,0,0,0,0,0,0,0,0,0,0,0,0,0,0,0,0,0,0,0,0,0"
16,"4344,1885,3011,1697,895,4849,3956,860,5388,1340,5207,2360,2828,4156,4922,1859,813,5207,4653,515,52,5207,4653,226,895,3940,2773,2697,4849,300,860,0,742,834,1746,2862,1960,4210,1894,4134,0,0,0,0,0,0,0,0,0,0,0,0,0,0,0,0,0,0,0,0,0,0,0,0,0,0,0,0,0,0,0,0,0,0,0,0,0,0,0,0,0,0,0,0,0,0,0,0,0,0,0,0,0,0,0,0,0,0,0,0"
17,"2725,3011,1150,1438,3940,3011,610,848,5087,1140,1659,790,912,4720,5290,868,2111,676,3011,3655,770,1438,4720,1277,4156,1270,1563,4422,4156,4513,841,3011,785,1043,2712,3098,1840,4513,841,558,0,0,0,0,0,0,0,0,0,0,0,0,0,0,0,0,0,0,0,0,0,0,0,0,0,0,0,0,0,0,0,0,0,0,0,0,0,0,0,0,0,0,0,0,0,0,0,0,0,0,0,0,0,0,0,0,0,0,0,0"
18,"1471,3011,1697,895,4849,4566,4156,3610,3273,5330,1150,302,3752,610,5090,1924,4056,2904,2533,3972,1471,3011,1697,895,4849,4566,4156,3610,3273,5330,1150,302,3752,610,5090,1924,4056,2904,2533,3972,0,0,0,0,0,0,0,0,0,0,0,0,0,0,0,0,0,0,0,0,0,0,0,0,0,0,0,0,0,0,0,0,0,0,0,0,0,0,0,0,0,0,0,0,0,0,0,0,0,0,0,0,0,0,0,0,0,0,0,0"
19,"52,4720,4322,4710,5321,1659,895,3208,4710,2533,1659,790,4566,4884,4334,1912,1217,2740,4156,3352,1931,3454,1150,4556,1150,4472,1652,0,0,0,0,0,0,0,0,0,0,0,0,0,1931,3454,1150,3120,1150,4472,2298,0,0,0,0,0,0,0,0,0,0,0,0,0,2299,4720,3011,1150,5392,4156,859,1438,4720,661,412,3363,2694,3445,1232,1150,1142,3940,859,3273,2299,4720,3011,1150,5392,4156,859,1438,4720,661,412,3363,2694,3445,1232,1150,1142,3940,859,3273"
20,"5198,3940,2023,4016,3738,4720,1140,1659,4195,3940,790,3192,302,4720,813,2685,813,757,3940,1960,5198,3940,2023,4016,3738,4720,1140,1659,4195,3940,790,3192,302,4720,813,2685,813,757,3940,1960,0,0,0,0,0,0,0,0,0,0,0,0,0,0,0,0,0,0,0,0,0,0,0,0,0,0,0,0,0,0,0,0,0,0,0,0,0,0,0,0,0,0,0,0,0,0,0,0,0,0,0,0,0,0,0,0,0,0,0,0"
21,"3192,302,4720,2213,4728,4407,813,2153,4156,3752,4195,4710,5435,3674,3011,3463,2909,5319,4720,610,2898,3158,2845,1438,4986,667,579,4720,1140,1659,4653,1154,4156,936,1154,2510,3940,2200,4640,4720,0,0,0,0,0,0,0,0,0,0,0,0,0,0,0,0,0,0,0,0,0,0,0,0,0,0,0,0,0,0,0,0,0,0,0,0,0,0,0,0,0,0,0,0,0,0,0,0,0,0,0,0,0,0,0,0,0,0,0,0"
22,"5319,4720,3011,82,4156,75,4472,2141,2998,583,4113,1885,4195,4113,2148,5274,4720,1150,4156,3828,4820,1438,4720,4407,2931,579,522,2520,3940,1960,3704,4640,4720,3011,1150,4556,3856,4156,3463,302,4820,1438,4720,4407,2931,579,522,2520,3940,1960,3704,4640,4720,3011,1150,4556,3856,4156,3463,302,0,0,0,0,0,0,0,0,0,0,0,0,0,0,0,0,0,0,0,0,0,0,0,0,0,0,0,0,0,0,0,0,0,0,0,0,0,0,0,0"
23,"1612,1438,1659,2909,0,3192,4745,3652,5001,579,2681,730,677,244,3064,4451,4071,3011,1340,3752,4344,2899,4544,1894,3906,4344,5207,1659,1611,2845,723,0,4640,4720,4407,2520,1960,4745,3658,2394,4344,2899,4544,1894,3906,4344,5207,1659,1611,2845,723,0,4640,4720,4407,2520,1960,4745,3658,2394,4344,2899,4544,1894,3906,4344,5207,1659,1611,2845,723,0,4640,4720,4407,2520,1960,4745,3658,2394,4344,2899,4544,1894,3906,4344,5207,1659,1611,2845,723,0,4640,4720,4407,2520,1960,4745,3658,2394"
24,"52,1438,4720,3940,3011,1150,3592,3392,2275,1347,1659,1960,2374,4156,1960,1009,4720,610,3275,375,5202,5396,4720,3011,1150,5233,2688,5207,3882,3828,1659,4551,5398,3208,4113,1885,4641,4156,4767,3011,0,0,0,0,0,0,0,0,0,0,0,0,0,0,0,0,0,0,0,0,0,0,0,0,0,0,0,0,0,0,0,0,0,0,0,0,0,0,0,0,0,0,0,0,0,0,0,0,0,0,0,0,0,0,0,0,0,0,0,0"
25,"4073,1009,3940,3011,1722,2873,617,5207,3011,4891,4472,0,0,0,0,0,0,0,0,0,3477,5335,2279,4156,2486,3856,1367,1464,3434,1389,3064,4071,1348,4156,3867,1340,3940,3011,1722,4156,0,0,0,0,0,0,0,0,0,0,0,0,0,0,0,0,0,0,0,0,0,0,0,0,0,0,0,0,0,0,0,0,0,0,0,0,0,0,0,0,0,0,0,0,0,0,0,0,0,0,0,0,0,0,0,0,0,0,0,0"
26,"52,5207,1418,226,895,3752,617,4156,592,4156,579,2213,2330,2520,4113,908,1955,4091,813,4113,52,5207,1418,226,895,3752,617,4156,592,4156,579,2213,2330,2520,4113,908,1955,4091,813,4113,666,468,1960,4780,1009,1659,1326,2544,685,4709,3374,908,0,2011,885,2182,2238,3541,2026,809,666,468,1960,4780,1009,1659,1326,2544,685,4709,3374,908,0,2011,885,2182,2238,3541,2026,809,666,468,1960,4780,1009,1659,1326,2544,685,4709,3374,908,0,2011,885,2182,2238,3541,2026,809"
27,"3192,4091,5207,1840,813,3385,4156,1044,5278,1659,1150,4464,1659,3540,583,1984,3964,841,3463,817,3192,4091,5207,1840,813,3385,4156,1044,5278,1659,1150,4464,1659,3540,583,1984,3964,841,3463,817,0,0,0,0,0,0,0,0,0,0,0,0,0,0,0,0,0,0,0,0,0,0,0,0,0,0,0,0,0,0,0,0,0,0,0,0,0,0,0,0,0,0,0,0,0,0,0,0,0,0,0,0,0,0,0,0,0,0,0,0"
28,"2820,0,0,0,0,0,0,0,0,0,0,0,0,0,0,0,0,0,0,0,2563,4720,3011,610,2685,1340,402,2051,4156,2654,3192,3592,4071,1960,1340,4720,610,2628,2055,610,0,0,0,0,0,0,0,0,0,0,0,0,0,0,0,0,0,0,0,0,0,0,0,0,0,0,0,0,0,0,0,0,0,0,0,0,0,0,0,0,0,0,0,0,0,0,0,0,0,0,0,0,0,0,0,0,0,0,0,0"
29,"4344,5207,308,2346,3752,2382,1438,579,5207,1840,2066,4344,5278,3674,3011,1347,3940,1960,5087,4156,3192,1340,480,4720,3736,4156,1697,3994,3192,3592,5207,1150,357,1960,116,4344,1885,3752,1960,5233,0,0,0,0,0,0,0,0,0,0,0,0,0,0,0,0,0,0,0,0,0,0,0,0,0,0,0,0,0,0,0,0,0,0,0,0,0,0,0,0,0,0,0,0,0,0,0,0,0,0,0,0,0,0,0,0,0,0,0,0"
30,"5198,4556,3752,4328,3765,1659,1960,3216,3622,4156,1960,3601,4071,4744,3239,3719,1198,180,4521,3940,5240,5278,1879,3192,302,4720,3011,610,2809,1438,1659,2909,0,0,0,0,0,0,0,0,5240,5278,1879,3192,302,4720,3011,610,2809,1438,1659,2909,0,0,0,0,0,0,0,0,0,0,0,0,0,0,0,0,0,0,0,0,0,0,0,0,0,0,0,0,0,0,0,0,0,0,0,0,0,0,0,0,0,0,0,0,0,0,0,0"
31,"3192,2371,4720,696,4515,5163,0,5031,2906,4104,0,412,3589,4419,4299,2800,756,4571,712,55,5240,5207,5106,0,5330,785,2281,1659,1611,3940,1960,3894,2359,1594,4787,3011,318,4780,1174,1659,5240,5207,5106,0,5330,785,2281,1659,1611,3940,1960,3894,2359,1594,4787,3011,318,4780,1174,1659,0,0,0,0,0,0,0,0,0,0,0,0,0,0,0,0,0,0,0,0,0,0,0,0,0,0,0,0,0,0,0,0,0,0,0,0,0,0,0,0"
32,"1704,4442,4156,4344,3703,3752,4023,4156,0,1771,3674,1840,3180,2623,2898,1885,2734,4236,3940,3395,1704,4442,4156,4344,3703,3752,4023,4156,0,1771,3674,1840,3180,2623,2898,1885,2734,4236,3940,3395,0,0,0,0,0,0,0,0,0,0,0,0,0,0,0,0,0,0,0,0,0,0,0,0,0,0,0,0,0,0,0,0,0,0,0,0,0,0,0,0,0,0,0,0,0,0,0,0,0,0,0,0,0,0,0,0,0,0,0,0"
33,"2898,1885,3011,1150,895,4849,4023,1327,1404,3302,3940,2775,5240,4710,5435,3752,3998,4071,2752,4156,2898,1885,3011,1150,895,4849,4023,1327,1404,3302,3940,2775,5240,4710,5435,3752,3998,4071,2752,4156,0,0,0,0,0,0,0,0,0,0,0,0,0,0,0,0,0,0,0,0,0,0,0,0,0,0,0,0,0,0,0,0,0,0,0,0,0,0,0,0,0,0,0,0,0,0,0,0,0,0,0,0,0,0,0,0,0,0,0,0"
34,"4344,3703,4849,4023,2180,1404,2907,302,3674,3180,3269,4156,4195,3936,1960,895,1545,4653,307,185,4344,3703,4849,4023,2180,1404,2907,302,3674,3180,3269,4156,4195,3936,1960,895,1545,4653,307,185,0,0,0,0,0,0,0,0,0,0,0,0,0,0,0,0,0,0,0,0,0,0,0,0,0,0,0,0,0,0,0,0,0,0,0,0,0,0,0,0,0,0,0,0,0,0,0,0,0,0,0,0,0,0,0,0,0,0,0,0"
35,"4023,4110,1771,908,5106,361,2487,3244,2359,3233,4653,3403,5425,5207,3856,4156,736,699,5207,4786,1931,3592,4156,468,3011,4069,563,5207,3011,5090,4893,4663,5207,1329,5357,4156,736,1931,116,4156,0,0,0,0,0,0,0,0,0,0,0,0,0,0,0,0,0,0,0,0,0,0,0,0,0,0,0,0,0,0,0,0,0,0,0,0,0,0,0,0,0,0,0,0,0,0,0,0,0,0,0,0,0,0,0,0,0,0,0,0"
36,"2271,3011,1722,1438,1659,5036,3752,1150,3986,4156,3463,4378,1771,4156,4023,1912,209,2740,4156,3540,52,5207,4653,3833,4563,1252,303,4156,2845,18,2998,2487,2255,1659,4358,579,584,4023,4156,1771,52,5207,4653,3833,4563,1252,303,4156,2845,18,2998,2487,2255,1659,4358,579,584,4023,4156,1771,52,5207,4653,3833,4563,1252,303,4156,2845,18,2998,2487,2255,1659,4358,579,584,4023,4156,1771,52,5207,4653,3833,4563,1252,303,4156,2845,18,2998,2487,2255,1659,4358,579,584,4023,4156,1771"
37,"3914,2907,3302,3940,3011,5090,4848,4076,4071,1018,1931,2740,3752,53,1469,0,737,3402,3752,2193,1931,1355,4156,3302,3940,4319,2299,4720,5386,1067,2250,4156,3965,3011,2685,2028,504,2907,3273,0,0,0,0,0,0,0,0,0,0,0,0,0,0,0,0,0,0,0,0,0,0,0,0,0,0,0,0,0,0,0,0,0,0,0,0,0,0,0,0,0,0,0,0,0,0,0,0,0,0,0,0,0,0,0,0,0,0,0,0,0"
38,"862,1212,3011,895,4849,397,2180,1263,5034,2360,1970,4156,3011,1150,2747,3192,4780,4557,1912,1960,1660,3011,4744,4697,1068,26,4608,468,2384,4720,2081,4274,1438,1659,2033,1146,914,2498,1960,4091,1660,3011,4744,4697,1068,26,4608,468,2384,4720,2081,4274,1438,1659,2033,1146,914,2498,1960,4091,1660,3011,4744,4697,1068,26,4608,468,2384,4720,2081,4274,1438,1659,2033,1146,914,2498,1960,4091,1660,3011,4744,4697,1068,26,4608,468,2384,4720,2081,4274,1438,1659,2033,1146,914,2498,1960,4091"
39,"2597,2213,984,0,0,0,0,0,0,0,0,0,0,0,0,0,0,0,0,0,2597,2213,984,0,0,0,0,0,0,0,0,0,0,0,0,0,0,0,0,0,0,0,0,0,0,0,0,0,0,0,0,0,0,0,0,0,0,0,0,0,0,0,0,0,0,0,0,0,0,0,0,0,0,0,0,0,0,0,0,0,0,0,0,0,0,0,0,0,0,0,0,0,0,0,0,0,0,0,0,0"
40,"3892,1212,4023,1327,400,610,3463,4156,3856,700,0,0,0,0,0,0,0,0,0,0,3892,1212,4023,1327,400,610,3463,4156,3856,700,0,0,0,0,0,0,0,0,0,0,0,0,0,0,0,0,0,0,0,0,0,0,0,0,0,0,0,0,0,0,0,0,0,0,0,0,0,0,0,0,0,0,0,0,0,0,0,0,0,0,0,0,0,0,0,0,0,0,0,0,0,0,0,0,0,0,0,0,0,0"
41,"1931,5233,2640,1931,895,2640,1036,895,0,2640,0,4475,2359,5090,2113,4343,3940,3011,2091,5294,5339,1521,0,0,0,0,0,0,0,0,0,0,0,0,0,0,0,0,0,0,0,0,0,0,0,0,0,0,0,0,0,0,0,0,0,0,0,0,0,0,0,0,0,0,0,0,0,0,0,0,0,0,0,0,0,0,0,0,0,0,0,0,0,0,0,0,0,0,0,0,0,0,0,0,0,0,0,0,0,0"
42,"3045,5207,3590,2086,4472,2898,1444,3703,162,5288,4849,2121,3789,4156,579,3882,1545,1418,307,0,3045,5207,3590,2086,4472,2898,1444,3703,162,5288,4849,2121,3789,4156,579,3882,1545,1418,307,0,0,0,0,0,0,0,0,0,0,0,0,0,0,0,0,0,0,0,0,0,0,0,0,0,0,0,0,0,0,0,0,0,0,0,0,0,0,0,0,0,0,0,0,0,0,0,0,0,0,0,0,0,0,0,0,0,0,0,0,0"
43,"483,4513,2493,1444,2734,4694,0,5274,4720,1722,4156,610,4786,1659,3076,4156,1960,1522,4071,1649,1804,3517,756,1960,2061,5090,1716,3463,4434,610,5200,0,3086,4498,1659,4557,4156,1635,3011,2685,0,0,0,0,0,0,0,0,0,0,0,0,0,0,0,0,0,0,0,0,0,0,0,0,0,0,0,0,0,0,0,0,0,0,0,0,0,0,0,0,0,0,0,0,0,0,0,0,0,0,0,0,0,0,0,0,0,0,0,0"
44,"2356,1438,4720,661,3192,3592,4720,4901,1594,3011,925,4071,781,756,1631,1944,4974,4156,1147,5027,2356,1438,4720,661,3192,3592,4720,4901,1594,3011,925,4071,781,756,1631,1944,4974,4156,1147,5027,2356,1438,4720,661,3192,3592,4720,4901,1594,3011,925,4071,781,756,1631,1944,4974,4156,1147,5027,0,0,0,0,0,0,0,0,0,0,0,0,0,0,0,0,0,0,0,0,0,0,0,0,0,0,0,0,0,0,0,0,0,0,0,0,0,0,0,0"
45,"4601,3592,4156,4749,4472,0,0,0,0,0,0,0,0,0,0,0,0,0,0,0,4601,3592,4156,4749,4472,0,0,0,0,0,0,0,0,0,0,0,0,0,0,0,0,0,0,0,0,0,0,0,0,0,0,0,0,0,0,0,0,0,0,0,0,0,0,0,0,0,0,0,0,0,0,0,0,0,0,0,0,0,0,0,0,0,0,0,0,0,0,0,0,0,0,0,0,0,0,0,0,0,0,0"
46,"1931,2142,3856,4156,2829,3482,3463,4434,1150,108,708,4156,3012,4472,2389,4344,305,3674,3011,4343,4286,2491,422,4071,5399,3138,4127,4956,0,0,0,0,0,0,0,0,0,0,0,0,0,0,0,0,0,0,0,0,0,0,0,0,0,0,0,0,0,0,0,0,0,0,0,0,0,0,0,0,0,0,0,0,0,0,0,0,0,0,0,0,0,0,0,0,0,0,0,0,0,0,0,0,0,0,0,0,0,0,0,0"
47,"1923,5207,3011,1150,4472,2898,3013,2866,2359,908,3548,1040,1659,1611,1960,1438,4156,4194,3192,302,2195,5207,3481,3192,302,5207,1840,813,2153,4493,610,2907,4156,48,4344,5207,726,3674,1099,308,0,0,0,0,0,0,0,0,0,0,0,0,0,0,0,0,0,0,0,0,0,0,0,0,0,0,0,0,0,0,0,0,0,0,0,0,0,0,0,0,0,0,0,0,0,0,0,0,0,0,0,0,0,0,0,0,0,0,0,0"
48,"4344,1885,3011,2011,2140,4981,895,3940,5063,4840,1050,4653,1454,5207,5191,3752,2121,1599,4485,813,4344,1885,3011,2011,2140,4981,895,3940,5063,4840,1050,4653,1454,5207,5191,3752,2121,1599,4485,813,4344,1885,3011,2011,2140,4981,895,3940,5063,4840,1050,4653,1454,5207,5191,3752,2121,1599,4485,813,4344,1885,3011,2011,2140,4981,895,3940,5063,4840,1050,4653,1454,5207,5191,3752,2121,1599,4485,813,4344,1885,3011,2011,2140,4981,895,3940,5063,4840,1050,4653,1454,5207,5191,3752,2121,1599,4485,813"
49,"2898,1885,3011,3926,18,4849,5063,1340,3940,2569,0,3192,1340,5207,3893,1960,1009,5357,4156,610,2898,1885,3011,3926,18,4849,5063,1340,3940,2569,0,3192,1340,5207,3893,1960,1009,5357,4156,610,0,0,0,0,0,0,0,0,0,0,0,0,0,0,0,0,0,0,0,0,0,0,0,0,0,0,0,0,0,0,0,0,0,0,0,0,0,0,0,0,0,0,0,0,0,0,0,0,0,0,0,0,0,0,0,0,0,0,0,0"
50,"1456,4276,4849,5063,1340,4493,3229,4513,2493,1444,2734,3691,4156,924,4327,756,5133,1659,3865,5388,1456,4276,4849,5063,1340,4493,3229,4513,2493,1444,2734,3691,4156,924,4327,756,5133,1659,3865,5388,0,0,0,0,0,0,0,0,0,0,0,0,0,0,0,0,0,0,0,0,0,0,0,0,0,0,0,0,0,0,0,0,0,0,0,0,0,0,0,0,0,0,0,0,0,0,0,0,0,0,0,0,0,0,0,0,0,0,0,0"
51,"5330,610,2685,4092,3674,1297,1058,401,4397,3674,3011,406,42,4156,3178,4720,610,48,0,0,5330,922,1521,0,0,0,0,0,0,0,0,0,0,0,0,0,0,0,0,0,2898,675,1418,895,4156,123,1226,4156,3505,0,3192,302,5207,2360,3463,4156,142,1578,0,5330,0,0,0,0,0,0,0,0,0,0,0,0,0,0,0,0,0,0,0,0,0,0,0,0,0,0,0,0,0,0,0,0,0,0,0,0,0,0,0,0"
52,"3338,4720,1217,5090,4156,2654,2101,2086,5392,3674,3728,0,0,0,0,0,0,0,0,0,3962,4720,3011,1697,4472,3192,1340,4720,5106,0,0,0,0,0,0,0,0,0,0,0,0,0,0,0,0,0,0,0,0,0,0,0,0,0,0,0,0,0,0,0,0,0,0,0,0,0,0,0,0,0,0,0,0,0,0,0,0,0,0,0,0,0,0,0,0,0,0,0,0,0,0,0,0,0,0,0,0,0,0,0"
53,"4329,5207,3217,3900,4156,48,0,5388,1340,5207,0,1722,813,4036,0,4640,4720,3434,3011,848,4294,5207,610,224,5317,4344,3703,3180,3554,4849,2121,3273,2141,1691,3011,2685,2603,3434,2121,2097,0,0,0,0,0,0,0,0,0,0,0,0,0,0,0,0,0,0,0,0,0,0,0,0,0,0,0,0,0,0,0,0,0,0,0,0,0,0,0,0,0,0,0,0,0,0,0,0,0,0,0,0,0,0,0,0,0,0,0,0"
54,"5330,922,1438,1659,895,248,4653,3684,4156,4344,4594,929,1697,3040,1430,248,610,3463,248,953,52,5207,3011,1150,1438,2067,3703,5160,4494,3940,3645,0,3767,5207,610,4749,4156,4328,1659,4343,4344,5350,4276,4849,3152,3273,0,2055,3928,5113,2360,4156,736,0,2431,4720,3011,4774,4116,5233,4344,5350,4276,4849,3152,3273,0,2055,3928,5113,2360,4156,736,0,2431,4720,3011,4774,4116,5233,4344,5350,4276,4849,3152,3273,0,2055,3928,5113,2360,4156,736,0,2431,4720,3011,4774,4116,5233"
55,"3816,3681,2380,1697,3752,1150,3419,1682,1355,815,1931,1924,0,0,0,0,0,0,0,0,3816,3681,2380,1697,3752,1150,3419,1682,1355,815,1931,1924,0,0,0,0,0,0,0,0,410,5207,3434,4921,2359,5207,610,4749,1659,4299,4332,2532,4344,305,4780,3040,3445,1644,805,2487,0,0,0,0,0,0,0,0,0,0,0,0,0,0,0,0,0,0,0,0,0,0,0,0,0,0,0,0,0,0,0,0,0,0,0,0,0,0,0,0"
56,"345,4156,4604,908,1150,1924,0,211,2162,5207,1270,1960,302,5207,4922,2794,4156,4195,5207,1905,434,4720,3011,1697,429,0,2141,3882,4085,2487,3752,3011,4307,4156,2194,1894,4653,4927,3272,0,0,0,0,0,0,0,0,0,0,0,0,0,0,0,0,0,0,0,0,0,0,0,0,0,0,0,0,0,0,0,0,0,0,0,0,0,0,0,0,0,0,0,0,0,0,0,0,0,0,0,0,0,0,0,0,0,0,0,0,0"
57,"3482,1789,5356,5087,1140,1659,4195,4113,3119,4720,3011,1150,5233,4156,5144,4297,583,1984,4720,3463,3482,1789,5356,5087,1140,1659,4195,4113,3119,4720,3011,1150,5233,4156,5144,4297,583,1984,4720,3463,3482,1789,5356,5087,1140,1659,4195,4113,3119,4720,3011,1150,5233,4156,5144,4297,583,1984,4720,3463,3482,1789,5356,5087,1140,1659,4195,4113,3119,4720,3011,1150,5233,4156,5144,4297,583,1984,4720,3463,3482,1789,5356,5087,1140,1659,4195,4113,3119,4720,3011,1150,5233,4156,5144,4297,583,1984,4720,3463"
58,"3671,4710,3674,1960,5090,1521,0,0,0,0,0,0,0,0,0,0,0,0,0,0,3424,3988,4156,4328,1659,3683,1659,4884,510,0,279,584,0,0,0,0,0,0,0,0,0,0,0,0,0,0,0,0,0,0,0,0,0,0,0,0,0,0,0,0,0,0,0,0,0,0,0,0,0,0,0,0,0,0,0,0,0,0,0,0,0,0,0,0,0,0,0,0,0,0,0,0,0,0,0,0,0,0,0,0"
59,"1704,3492,1885,3011,1697,895,4849,2012,542,2898,4530,3824,4390,302,3940,1960,2549,1340,4156,355,1704,602,4156,3684,1885,3011,1150,895,4849,2845,535,542,4640,5207,3011,5329,873,2498,1960,1089,0,0,0,0,0,0,0,0,0,0,0,0,0,0,0,0,0,0,0,0,0,0,0,0,0,0,0,0,0,0,0,0,0,0,0,0,0,0,0,0,0,0,0,0,0,0,0,0,0,0,0,0,0,0,0,0,0,0,0,0"
60,"52,4001,2738,2415,1418,2883,1011,18,1659,4815,3192,1340,4720,1722,4156,2558,3192,5087,4720,3736,52,4001,2738,2415,1418,2883,1011,18,1659,4815,3192,1340,4720,1722,4156,2558,3192,5087,4720,3736,52,4001,2738,2415,1418,2883,1011,18,1659,4815,3192,1340,4720,1722,4156,2558,3192,5087,4720,3736,0,0,0,0,0,0,0,0,0,0,0,0,0,0,0,0,0,0,0,0,0,0,0,0,0,0,0,0,0,0,0,0,0,0,0,0,0,0,0,0"
61,"1106,3011,953,3463,4437,0,2660,4091,4767,1150,2936,1960,425,3940,2931,3229,3504,4720,4449,1130,332,1659,4648,2242,0,1745,4720,3011,1217,4469,4071,1960,2471,3752,1960,879,3970,740,1820,0,0,0,0,0,0,0,0,0,0,0,0,0,0,0,0,0,0,0,0,0,0,0,0,0,0,0,0,0,0,0,0,0,0,0,0,0,0,0,0,0,0,0,0,0,0,0,0,0,0,0,0,0,0,0,0,0,0,0,0,0"
62,"52,4720,3011,1150,1438,1659,895,3464,4710,5321,1659,267,1960,589,935,1909,1659,5001,3940,790,530,1438,4720,3011,2773,3808,1347,1659,1960,5020,1666,5186,277,4297,579,4328,1659,3683,3431,3940,0,0,0,0,0,0,0,0,0,0,0,0,0,0,0,0,0,0,0,0,0,0,0,0,0,0,0,0,0,0,0,0,0,0,0,0,0,0,0,0,0,0,0,0,0,0,0,0,0,0,0,0,0,0,0,0,0,0,0,0"
63,"4653,895,5207,610,2809,2107,0,3882,4297,4710,3255,932,3940,1146,1599,1340,0,0,0,0,3192,1009,4720,610,2685,4156,610,736,0,0,0,0,0,0,0,0,0,0,0,0,1210,4720,610,4116,4156,1960,1009,4720,610,4834,4156,1219,1990,1893,3752,3011,2773,3166,2098,0,0,0,0,0,0,0,0,0,0,0,0,0,0,0,0,0,0,0,0,0,0,0,0,0,0,0,0,0,0,0,0,0,0,0,0,0,0,0,0,0"
64,"1301,2086,895,3752,3290,0,4344,2381,4127,2223,353,0,279,0,0,0,0,0,0,0,1301,2086,895,3752,3290,0,4344,2381,4127,2223,353,0,279,0,0,0,0,0,0,0,0,0,0,0,0,0,0,0,0,0,0,0,0,0,0,0,0,0,0,0,0,0,0,0,0,0,0,0,0,0,0,0,0,0,0,0,0,0,0,0,0,0,0,0,0,0,0,0,0,0,0,0,0,0,0,0,0,0,0,0"
65,"1364,1009,3752,5090,3986,4156,3463,2289,3206,2418,3940,1960,3187,3990,4091,560,756,860,0,0,1364,1009,3752,5090,3986,4156,3463,2289,3206,2418,3940,1960,3187,3990,4091,560,756,860,0,0,1364,1009,3752,5090,3986,4156,3463,2289,3206,2418,3940,1960,3187,3990,4091,560,756,860,0,0,213,4071,1960,2883,3196,3940,1960,1340,4493,142,2279,1277,1009,3752,3314,2738,1960,1531,4156,3011,213,4071,1960,2883,3196,3940,1960,1340,4493,142,2279,1277,1009,3752,3314,2738,1960,1531,4156,3011"
66,"1931,4556,4328,3765,1659,2015,3434,4884,223,39,3584,4811,4387,1217,5205,423,1146,1200,1659,2800,3671,4710,3674,3416,3011,1697,1438,1659,4533,4235,1659,4744,162,5288,3011,2174,4156,1444,3703,3940,3671,4710,3674,3416,3011,1697,1438,1659,4533,4235,1659,4744,162,5288,3011,2174,4156,1444,3703,3940,0,0,0,0,0,0,0,0,0,0,0,0,0,0,0,0,0,0,0,0,0,0,0,0,0,0,0,0,0,0,0,0,0,0,0,0,0,0,0,0"
67,"2898,117,1418,2909,52,4720,3011,610,922,5087,4156,4720,4328,3765,1659,5427,1315,1295,4720,2903,2898,117,1418,2909,52,4720,3011,610,922,5087,4156,4720,4328,3765,1659,5427,1315,1295,4720,2903,0,0,0,0,0,0,0,0,0,0,0,0,0,0,0,0,0,0,0,0,0,0,0,0,0,0,0,0,0,0,0,0,0,0,0,0,0,0,0,0,0,0,0,0,0,0,0,0,0,0,0,0,0,0,0,0,0,0,0,0"
68,"4344,5207,3940,4744,3674,3590,2801,4849,1519,4156,1991,1438,5207,5356,813,3011,2169,560,756,4247,3084,3514,3940,4744,2786,1960,4343,5368,4156,3167,1438,5207,5356,3674,2487,1659,895,3674,3011,925,4344,4235,1659,1585,3674,4343,610,3907,4156,872,4156,1184,302,5207,1840,2409,3674,4653,1747,2909,4344,4235,1659,1585,3674,4343,610,3907,4156,872,4156,1184,302,5207,1840,2409,3674,4653,1747,2909,0,0,0,0,0,0,0,0,0,0,0,0,0,0,0,0,0,0,0,0"
69,"3990,751,3674,3492,4156,3980,2727,1176,1659,3699,4273,1740,4860,3058,5276,2804,1960,223,3601,5047,3990,751,3674,3492,4156,3980,2727,1176,1659,3699,4273,1740,4860,3058,5276,2804,1960,223,3601,5047,0,0,0,0,0,0,0,0,0,0,0,0,0,0,0,0,0,0,0,0,0,0,0,0,0,0,0,0,0,0,0,0,0,0,0,0,0,0,0,0,0,0,0,0,0,0,0,0,0,0,0,0,0,0,0,0,0,0,0,0"
70,"2219,1438,4720,4195,4344,2194,3674,4156,924,3994,4640,4886,357,1960,4065,4156,3445,709,3136,1150,2219,1438,4720,4195,4344,2194,3674,4156,924,3994,4640,4886,357,1960,4065,4156,3445,709,3136,1150,2219,1438,4720,4195,4344,2194,3674,4156,924,3994,4640,4886,357,1960,4065,4156,3445,709,3136,1150,0,0,0,0,0,0,0,0,0,0,0,0,0,0,0,0,0,0,0,0,0,0,0,0,0,0,0,0,0,0,0,0,0,0,0,0,0,0,0,0"
71,"1927,5207,3011,1150,5233,4156,1960,1199,5207,2066,4344,3964,2904,1212,4408,0,0,0,0,0,3192,302,4720,1697,4156,1840,813,2698,916,1150,3592,4493,3011,5356,4091,560,756,860,0,0,0,0,0,0,0,0,0,0,0,0,0,0,0,0,0,0,0,0,0,0,0,0,0,0,0,0,0,0,0,0,0,0,0,0,0,0,0,0,0,0,0,0,0,0,0,0,0,0,0,0,0,0,0,0,0,0,0,0,0,0"
72,"3482,2360,3548,3062,3781,3940,3011,1150,3915,4952,1960,591,3674,3011,53,1099,292,0,0,0,4344,117,4653,895,4849,2344,30,4956,1931,4556,4156,3011,3463,1438,1659,2888,4091,3674,3011,4181,0,0,0,0,0,0,0,0,0,0,0,0,0,0,0,0,0,0,0,0,0,0,0,0,0,0,0,0,0,0,0,0,0,0,0,0,0,0,0,0,0,0,0,0,0,0,0,0,0,0,0,0,0,0,0,0,0,0,0,0"
73,"1471,3011,1150,3301,3615,1174,756,1960,4015,2835,913,895,3828,2223,5143,3396,0,0,0,0,1471,3011,1150,3301,3615,1174,756,1960,4015,2835,913,895,3828,2223,5143,3396,0,0,0,0,1471,3011,1150,3301,3615,1174,756,1960,4015,2835,913,895,3828,2223,5143,3396,0,0,0,0,0,0,0,0,0,0,0,0,0,0,0,0,0,0,0,0,0,0,0,0,0,0,0,0,0,0,0,0,0,0,0,0,0,0,0,0,0,0,0,0"
74,"777,1438,5207,4407,2931,4344,5207,3011,4072,3674,493,3011,3856,4156,4328,1438,1659,895,2804,1960,777,1438,5207,4407,2931,4344,5207,3011,4072,3674,493,3011,3856,4156,4328,1438,1659,895,2804,1960,0,0,0,0,0,0,0,0,0,0,0,0,0,0,0,0,0,0,0,0,0,0,0,0,0,0,0,0,0,0,0,0,0,0,0,0,0,0,0,0,0,0,0,0,0,0,0,0,0,0,0,0,0,0,0,0,0,0,0,0"
75,"4344,5207,3427,3463,3940,5265,1593,4156,2429,860,2141,4720,759,1324,4156,2690,2121,4091,4156,512,52,2650,922,4091,4720,4407,813,2698,2674,1232,1150,1142,3940,859,4091,4156,4767,5127,1297,1945,0,0,0,0,0,0,0,0,0,0,0,0,0,0,0,0,0,0,0,0,0,0,0,0,0,0,0,0,0,0,0,0,0,0,0,0,0,0,0,0,0,0,0,0,0,0,0,0,0,0,0,0,0,0,0,0,0,0,0,0"
76,"5330,922,1521,0,1704,5233,466,1659,3406,2487,3208,4344,5380,3686,1607,579,5207,453,3827,0,5330,922,1521,0,1704,5233,466,1659,3406,2487,3208,4344,5380,3686,1607,579,5207,453,3827,0,0,0,0,0,0,0,0,0,0,0,0,0,0,0,0,0,0,0,0,0,0,0,0,0,0,0,0,0,0,0,0,0,0,0,0,0,0,0,0,0,0,0,0,0,0,0,0,0,0,0,0,0,0,0,0,0,0,0,0,0"
77,"2898,1444,3703,4849,3394,3011,2295,4071,5288,4156,3964,841,4276,3828,3686,924,3464,859,302,908,2898,1444,3703,4849,3394,3011,2295,4071,5288,4156,3964,841,4276,3828,3686,924,3464,859,302,908,0,0,0,0,0,0,0,0,0,0,0,0,0,0,0,0,0,0,0,0,0,0,0,0,0,0,0,0,0,0,0,0,0,0,0,0,0,0,0,0,0,0,0,0,0,0,0,0,0,0,0,0,0,0,0,0,0,0,0,0"
78,"4846,302,4720,5207,3011,3856,4156,160,1438,3674,3175,1659,895,2786,1418,1964,1659,2569,483,4156,5330,2360,535,1009,3940,3011,1150,2349,4071,1585,3752,3590,81,4403,1428,3990,3674,3011,15,2909,0,0,0,0,0,0,0,0,0,0,0,0,0,0,0,0,0,0,0,0,0,0,0,0,0,0,0,0,0,0,0,0,0,0,0,0,0,0,0,0,0,0,0,0,0,0,0,0,0,0,0,0,0,0,0,0,0,0,0,0"
79,"52,4720,3011,3191,942,2343,4156,610,3463,1340,3940,3590,2086,3866,3326,908,1594,929,4071,3175,3192,364,4720,5106,1704,4801,5329,4071,790,0,0,0,0,0,0,0,0,0,0,0,3192,364,4720,5106,1704,4801,5329,4071,790,0,0,0,0,0,0,0,0,0,0,0,0,0,0,0,0,0,0,0,0,0,0,0,0,0,0,0,0,0,0,0,0,0,0,0,0,0,0,0,0,0,0,0,0,0,0,0,0,0,0,0"
80,"2898,1885,3011,1150,4563,3940,4744,4884,4870,3752,2511,4091,813,1418,3002,3674,1960,4558,4744,1861,2898,1885,3011,1150,4563,3940,4744,4884,4870,3752,2511,4091,813,1418,3002,3674,1960,4558,4744,1861,0,0,0,0,0,0,0,0,0,0,0,0,0,0,0,0,0,0,0,0,0,0,0,0,0,0,0,0,0,0,0,0,0,0,0,0,0,0,0,0,0,0,0,0,0,0,0,0,0,0,0,0,0,0,0,0,0,0,0,0"
81,"2898,1885,3011,3417,4563,4849,5097,3273,0,3326,908,2980,4071,3175,4156,2845,4518,4156,160,1340,2898,1885,3011,3417,4563,4849,5097,3273,0,3326,908,2980,4071,3175,4156,2845,4518,4156,160,1340,0,0,0,0,0,0,0,0,0,0,0,0,0,0,0,0,0,0,0,0,0,0,0,0,0,0,0,0,0,0,0,0,0,0,0,0,0,0,0,0,0,0,0,0,0,0,0,0,0,0,0,0,0,0,0,0,0,0,0,0"
82,"3482,3030,5269,4493,859,116,5207,4274,2498,5178,2466,4720,610,4116,4156,2654,4950,69,5307,1912,3482,3030,5269,4493,859,116,5207,4274,2498,5178,2466,4720,610,4116,4156,2654,4950,69,5307,1912,3482,3030,5269,4493,859,116,5207,4274,2498,5178,2466,4720,610,4116,4156,2654,4950,69,5307,1912,3482,3030,5269,4493,859,116,5207,4274,2498,5178,2466,4720,610,4116,4156,2654,4950,69,5307,1912,0,0,0,0,0,0,0,0,0,0,0,0,0,0,0,0,0,0,0,0"
83,"3848,5207,610,4811,4156,48,0,2178,5207,1394,610,5148,1659,4120,2544,4156,755,1909,3287,2452,3192,2740,908,610,4851,921,3703,1401,2866,1659,317,2487,3940,3434,3011,4742,453,1993,1542,277,0,0,0,0,0,0,0,0,0,0,0,0,0,0,0,0,0,0,0,0,0,0,0,0,0,0,0,0,0,0,0,0,0,0,0,0,0,0,0,0,0,0,0,0,0,0,0,0,0,0,0,0,0,0,0,0,0,0,0,0"
84,"4640,5207,3011,1150,3592,4156,3011,1722,3915,3192,3112,4113,2355,908,610,4086,2898,2330,4832,1970,4678,5207,610,2515,0,4344,5207,1040,1659,1678,4653,2696,3940,1960,1665,3362,971,3940,4156,453,0,0,0,0,0,0,0,0,0,0,0,0,0,0,0,0,0,0,0,0,0,0,0,0,0,0,0,0,0,0,0,0,0,0,0,0,0,0,0,0,0,0,0,0,0,0,0,0,0,0,0,0,0,0,0,0,0,0,0,0"
85,"2898,1885,3011,1150,5036,2845,3789,4720,1840,813,2698,0,3482,3856,3752,4195,4710,5435,1750,3011,2898,1885,3011,1150,5036,2845,3789,4720,1840,813,2698,0,3482,3856,3752,4195,4710,5435,1750,3011,0,0,0,0,0,0,0,0,0,0,0,0,0,0,0,0,0,0,0,0,0,0,0,0,0,0,0,0,0,0,0,0,0,0,0,0,0,0,0,0,0,0,0,0,0,0,0,0,0,0,0,0,0,0,0,0,0,0,0,0"
86,"3671,4710,3674,932,3011,1150,4472,4344,2213,117,1418,2909,4344,5350,1146,1608,3671,4710,3674,1960,4735,4156,1836,0,0,0,0,0,0,0,0,0,0,0,0,0,0,0,0,0,1788,4720,3011,610,4018,4116,4156,5317,3192,1438,4720,2828,4156,4767,4195,4710,1950,2141,3686,2998,0,0,0,0,0,0,0,0,0,0,0,0,0,0,0,0,0,0,0,0,0,0,0,0,0,0,0,0,0,0,0,0,0,0,0,0,0,0,0,0"
87,"4079,5207,3011,1150,5233,3674,4057,813,3663,4156,302,5207,1150,4156,4849,3417,3592,4493,3964,3882,4079,5207,3011,1150,5233,3674,4057,813,3663,4156,302,5207,1150,4156,4849,3417,3592,4493,3964,3882,3069,3663,302,5207,1150,4156,610,3856,4156,1675,5207,610,2606,4056,3882,1212,3464,4710,5321,1659,0,0,0,0,0,0,0,0,0,0,0,0,0,0,0,0,0,0,0,0,0,0,0,0,0,0,0,0,0,0,0,0,0,0,0,0,0,0,0,0"
88,"2898,3703,4849,4820,3789,3940,3738,3434,929,388,743,2738,3011,3606,1692,1659,3218,752,4767,3011,2898,3703,4849,4820,3789,3940,3738,3434,929,388,743,2738,3011,3606,1692,1659,3218,752,4767,3011,0,0,0,0,0,0,0,0,0,0,0,0,0,0,0,0,0,0,0,0,0,0,0,0,0,0,0,0,0,0,0,0,0,0,0,0,0,0,0,0,0,0,0,0,0,0,0,0,0,0,0,0,0,0,0,0,0,0,0,0"
89,"3042,2213,117,1021,4849,4820,3273,3192,180,1009,5207,3291,4156,1960,2944,908,892,736,3746,4134,3042,2213,117,1021,4849,4820,3273,3192,180,1009,5207,3291,4156,1960,2944,908,892,736,3746,4134,3042,2213,117,1021,4849,4820,3273,3192,180,1009,5207,3291,4156,1960,2944,908,892,736,3746,4134,0,0,0,0,0,0,0,0,0,0,0,0,0,0,0,0,0,0,0,0,0,0,0,0,0,0,0,0,0,0,0,0,0,0,0,0,0,0,0,0"
90,"4344,5207,3111,3674,3011,318,5230,4071,1099,2845,3301,4432,4195,5207,1840,5356,4493,308,3428,38,4344,5207,3111,3674,3011,318,5230,4071,1099,2845,3301,4432,4195,5207,1840,5356,4493,308,3428,38,0,0,0,0,0,0,0,0,0,0,0,0,0,0,0,0,0,0,0,0,0,0,0,0,0,0,0,0,0,0,0,0,0,0,0,0,0,0,0,0,0,0,0,0,0,0,0,0,0,0,0,0,0,0,0,0,0,0,0,0"
91,"2051,1199,3752,4195,813,2698,1931,3592,4156,3236,116,4156,5222,0,0,0,0,0,0,0,216,4767,3011,1150,3273,1854,5207,610,2628,749,5113,2360,4156,5137,0,0,0,0,0,0,2051,1199,3752,3011,1150,2747,0,1414,908,610,2685,4156,3686,355,2487,3136,3310,3674,325,3940,0,0,0,0,0,0,0,0,0,0,0,0,0,0,0,0,0,0,0,0,0,0,0,0,0,0,0,0,0,0,0,0,0,0,0,0,0,0,0,0"
92,"1652,5016,2909,0,3192,2766,4091,4720,3856,4156,3463,4156,5363,3940,3011,848,5087,1140,1659,4210,4869,2740,3859,4156,4355,0,0,0,0,0,0,0,0,0,0,0,0,0,0,0,4869,2740,3859,4156,4355,0,0,0,0,0,0,0,0,0,0,0,0,0,0,0,4869,2740,3859,4156,4355,0,0,0,0,0,0,0,0,0,0,0,0,0,0,0,0,0,0,0,0,0,0,0,0,0,0,0,0,0,0,0,0,0,0,0"
93,"4640,5207,610,4328,1659,3131,1401,4653,3817,895,3752,4625,4156,1968,3192,302,4720,813,2153,4156,1704,1625,2882,3703,4849,4725,3454,1246,2688,3208,1131,3234,1860,1675,1458,3229,2213,4825,2688,1960,0,0,0,0,0,0,0,0,0,0,0,0,0,0,0,0,0,0,0,0,0,0,0,0,0,0,0,0,0,0,0,0,0,0,0,0,0,0,0,0,0,0,0,0,0,0,0,0,0,0,0,0,0,0,0,0,0,0,0,0"
94,"1931,1633,1931,4751,3011,2245,3153,453,3011,4026,4927,4071,5048,2141,3686,1885,2662,4156,3467,2882,4328,3856,4156,1734,0,0,0,0,0,0,0,0,0,0,0,0,0,0,0,0,0,0,0,0,0,0,0,0,0,0,0,0,0,0,0,0,0,0,0,0,0,0,0,0,0,0,0,0,0,0,0,0,0,0,0,0,0,0,0,0,0,0,0,0,0,0,0,0,0,0,0,0,0,0,0,0,0,0,0,0"
95,"1931,3328,1546,1702,0,0,0,0,0,0,0,0,0,0,0,0,0,0,0,0,1931,3328,1546,1702,0,0,0,0,0,0,0,0,0,0,0,0,0,0,0,0,0,0,0,0,0,0,0,0,0,0,0,0,0,0,0,0,0,0,0,0,0,0,0,0,0,0,0,0,0,0,0,0,0,0,0,0,0,0,0,0,0,0,0,0,0,0,0,0,0,0,0,0,0,0,0,0,0,0,0,0"
96,"412,2381,5350,4276,4849,2656,1265,1880,2725,3401,5363,3940,1147,4744,3674,3685,5264,4075,2613,1776,412,2381,5350,4276,4849,2656,1265,1880,2725,3401,5363,3940,1147,4744,3674,3685,5264,4075,2613,1776,412,2381,5350,4276,4849,2656,1265,1880,2725,3401,5363,3940,1147,4744,3674,3685,5264,4075,2613,1776,412,2381,5350,4276,4849,2656,1265,1880,2725,3401,5363,3940,1147,4744,3674,3685,5264,4075,2613,1776,0,0,0,0,0,0,0,0,0,0,0,0,0,0,0,0,0,0,0,0"
97,"4601,3324,0,1612,3553,3752,357,1960,5347,4071,860,2046,5363,2804,1960,21,1666,2613,2170,3639,4601,3324,0,1612,3553,3752,357,1960,5347,4071,860,2046,5363,2804,1960,21,1666,2613,2170,3639,0,0,0,0,0,0,0,0,0,0,0,0,0,0,0,0,0,0,0,0,0,0,0,0,0,0,0,0,0,0,0,0,0,0,0,0,0,0,0,0,0,0,0,0,0,0,0,0,0,0,0,0,0,0,0,0,0,0,0,0"
98,"5330,3463,1009,3940,3011,2213,2891,3856,454,4344,5207,464,3434,3011,4343,292,3192,515,5207,343,2966,1009,4720,3011,2685,3247,1438,1659,5036,610,4786,3674,1960,1515,4156,5291,1174,3434,1960,1982,2201,1593,1009,5372,3011,610,1851,2473,3292,4786,3674,393,1916,4156,554,4744,3940,3011,848,2747,0,0,0,0,0,0,0,0,0,0,0,0,0,0,0,0,0,0,0,0,0,0,0,0,0,0,0,0,0,0,0,0,0,0,0,0,0,0,0,0"
99,"4344,3427,675,1960,700,3192,4745,4115,5001,2493,5001,579,2681,3192,3332,1378,394,2998,579,3548,4344,3427,675,1960,700,3192,4745,4115,5001,2493,5001,579,2681,3192,3332,1378,394,2998,579,3548,4344,3427,675,1960,700,3192,4745,4115,5001,2493,5001,579,2681,3192,3332,1378,394,2998,579,3548,4344,3427,675,1960,700,3192,4745,4115,5001,2493,5001,579,2681,3192,3332,1378,394,2998,579,3548,4344,3427,675,1960,700,3192,4745,4115,5001,2493,5001,579,2681,3192,3332,1378,394,2998,579,3548"
100,"820,5036,813,1969,0,3885,1438,4720,5356,3674,4653,4242,4156,5118,3353,3590,4328,1158,756,1325,820,5036,813,1969,0,3885,1438,4720,5356,3674,4653,4242,4156,5118,3353,3590,4328,1158,756,1325,820,5036,813,1969,0,3885,1438,4720,5356,3674,4653,4242,4156,5118,3353,3590,4328,1158,756,1325,820,5036,813,1969,0,3885,1438,4720,5356,3674,4653,4242,4156,5118,3353,3590,4328,1158,756,1325,0,0,0,0,0,0,0,0,0,0,0,0,0,0,0,0,0,0,0,0"
101,"3192,5387,2223,2914,3011,3417,1438,1659,1247,3940,3011,154,1970,5087,3940,2176,4632,5207,610,1323,3192,5387,2223,2914,3011,3417,1438,1659,1247,3940,3011,154,1970,5087,3940,2176,4632,5207,610,1323,3192,5387,2223,2914,3011,3417,1438,1659,1247,3940,3011,154,1970,5087,3940,2176,4632,5207,610,1323,0,0,0,0,0,0,0,0,0,0,0,0,0,0,0,0,0,0,0,0,0,0,0,0,0,0,0,0,0,0,0,0,0,0,0,0,0,0,0,0"
102,"4344,4594,2773,3040,3752,4632,4156,251,4344,5207,3940,1352,3674,1773,308,5207,4849,4653,281,2011,4344,4594,2773,3040,3752,4632,4156,251,4344,5207,3940,1352,3674,1773,308,5207,4849,4653,281,2011,4344,4594,2773,3040,3752,4632,4156,251,4344,5207,3940,1352,3674,1773,308,5207,4849,4653,281,2011,4344,4594,2773,3040,3752,4632,4156,251,4344,5207,3940,1352,3674,1773,308,5207,4849,4653,281,2011,4344,4594,2773,3040,3752,4632,4156,251,4344,5207,3940,1352,3674,1773,308,5207,4849,4653,281,2011"
103,"5330,3736,4748,4091,3752,3011,5357,4156,2907,4076,3674,1960,1051,3326,4720,3011,922,2161,3940,1960,52,4720,3011,2907,4156,2700,4069,4451,302,3940,3011,1537,4091,3752,3011,535,2763,4156,3402,4156,0,0,0,0,0,0,0,0,0,0,0,0,0,0,0,0,0,0,0,0,0,0,0,0,0,0,0,0,0,0,0,0,0,0,0,0,0,0,0,0,0,0,0,0,0,0,0,0,0,0,0,0,0,0,0,0,0,0,0,0"
104,"1,4720,3180,4071,1960,2883,1438,4344,3703,3940,3557,4344,3964,895,3828,584,862,1212,1659,871,1,4720,3180,4071,1960,2883,1438,4344,3703,3940,3557,4344,3964,895,3828,584,862,1212,1659,871,0,0,0,0,0,0,0,0,0,0,0,0,0,0,0,0,0,0,0,0,0,0,0,0,0,0,0,0,0,0,0,0,0,0,0,0,0,0,0,0,0,0,0,0,0,0,0,0,0,0,0,0,0,0,0,0,0,0,0,0"
105,"861,2283,4156,3592,668,0,0,0,0,0,0,0,0,0,0,0,0,0,0,0,861,2283,4156,3592,668,0,0,0,0,0,0,0,0,0,0,0,0,0,0,0,861,2283,4156,3592,668,0,0,0,0,0,0,0,0,0,0,0,0,0,0,0,0,0,0,0,0,0,0,0,0,0,0,0,0,0,0,0,0,0,0,0,0,0,0,0,0,0,0,0,0,0,0,0,0,0,0,0,0,0,0,0"
106,"4713,1402,2467,3946,1024,1381,2125,2467,398,3623,1977,1533,4199,478,1283,1858,2853,1207,2001,2217,4586,17,4232,2945,1466,3509,4713,5129,1583,3382,17,2574,3724,3831,3946,4396,2125,3161,2574,3946,0,0,0,0,0,0,0,0,0,0,0,0,0,0,0,0,0,0,0,0,0,0,0,0,0,0,0,0,0,0,0,0,0,0,0,0,0,0,0,0,0,0,0,0,0,0,0,0,0,0,0,0,0,0,0,0,0,0,0,0"
107,"2818,1438,4720,2672,2207,4048,3884,4156,3135,3940,1960,4999,4071,1960,1147,4520,4493,456,2738,3011,2818,1438,4720,2672,2207,4048,3884,4156,3135,3940,1960,4999,4071,1960,1147,4520,4493,456,2738,3011,0,0,0,0,0,0,0,0,0,0,0,0,0,0,0,0,0,0,0,0,0,0,0,0,0,0,0,0,0,0,0,0,0,0,0,0,0,0,0,0,0,0,0,0,0,0,0,0,0,0,0,0,0,0,0,0,0,0,0,0"
108,"1942,4720,308,2685,4097,1912,308,1989,1418,895,1936,0,0,0,0,0,0,0,0,0,2898,1912,308,1989,1418,895,3940,872,4156,4943,3871,2129,2520,3011,4920,2669,1912,117,1960,2537,0,0,0,0,0,0,0,0,0,0,0,0,0,0,0,0,0,0,0,0,0,0,0,0,0,0,0,0,0,0,0,0,0,0,0,0,0,0,0,0,0,0,0,0,0,0,0,0,0,0,0,0,0,0,0,0,0,0,0,0"
109,"3482,5090,3302,4561,893,4156,5200,3843,1659,4195,102,5137,1682,1122,0,2479,2794,512,3464,4710,3482,5090,3302,4561,893,4156,5200,3843,1659,4195,102,5137,1682,1122,0,2479,2794,512,3464,4710,3482,5090,3302,4561,893,4156,5200,3843,1659,4195,102,5137,1682,1122,0,2479,2794,512,3464,4710,3482,5090,3302,4561,893,4156,5200,3843,1659,4195,102,5137,1682,1122,0,2479,2794,512,3464,4710,0,0,0,0,0,0,0,0,0,0,0,0,0,0,0,0,0,0,0,0"
110,"52,5207,4653,226,4563,4849,545,4156,1631,191,908,5106,2055,3011,1150,3592,4156,3011,2685,971,3192,1438,5207,1150,4397,3674,382,4854,3326,4720,2921,815,1698,4884,3138,908,1150,1924,2894,908,4344,1444,3703,4849,2344,1438,3011,318,5288,3965,4156,579,4767,2734,1150,3634,3301,0,0,0,4344,1885,3011,1150,4563,4849,3141,3273,3192,1438,5207,848,2359,3590,209,4556,1325,1659,1916,4156,0,0,0,0,0,0,0,0,0,0,0,0,0,0,0,0,0,0,0,0"
111,"3935,1438,4720,3940,3011,1150,2747,2141,4767,1165,5399,3192,4091,4720,3815,5200,523,3703,3828,2437,3935,1438,4720,3940,3011,1150,2747,2141,4767,1165,5399,3192,4091,4720,3815,5200,523,3703,3828,2437,279,3674,1960,1697,2909,0,4640,5207,1960,5356,4091,4156,3592,3674,1418,1692,1659,3710,0,412,0,0,0,0,0,0,0,0,0,0,0,0,0,0,0,0,0,0,0,0,0,0,0,0,0,0,0,0,0,0,0,0,0,0,0,0,0,0,0,0"
112,"4344,1513,4710,2381,3427,267,1146,895,4849,1502,0,5388,1438,4720,610,3278,3856,4156,3569,0,4344,1513,4710,2381,3427,267,1146,895,4849,1502,0,5388,1438,4720,610,3278,3856,4156,3569,0,4344,1513,4710,2381,3427,267,1146,895,4849,1502,0,5388,1438,4720,610,3278,3856,4156,3569,0,4344,1513,4710,2381,3427,267,1146,895,4849,1502,0,5388,1438,4720,610,3278,3856,4156,3569,0,3474,4698,3940,357,1104,0,3214,1947,4591,1749,0,0,0,0,0,0,0,0,0,0"
113,"52,4720,1418,226,895,3752,1071,4156,4458,2493,1960,3902,1931,4556,3764,3856,424,3752,4195,3180,1931,938,2360,4237,5363,3940,1960,3217,4848,4076,1140,1659,589,5264,2282,3590,4328,2151,2275,1347,0,0,0,0,0,0,0,0,0,0,0,0,0,0,0,0,0,0,0,0,0,0,0,0,0,0,0,0,0,0,0,0,0,0,0,0,0,0,0,0,0,0,0,0,0,0,0,0,0,0,0,0,0,0,0,0,0,0,0,0"
114,"283,2599,5270,0,2051,1009,3752,3193,4346,4720,4805,1931,2142,1150,4556,325,4156,4522,0,0,283,2599,5270,0,2051,1009,3752,3193,4346,4720,4805,1931,2142,1150,4556,325,4156,4522,0,0,0,0,0,0,0,0,0,0,0,0,0,0,0,0,0,0,0,0,0,0,0,0,0,0,0,0,0,0,0,0,0,0,0,0,0,0,0,0,0,0,0,0,0,0,0,0,0,0,0,0,0,0,0,0,0,0,0,0,0,0"
115,"2051,5392,5090,3292,610,5200,0,3482,2685,325,4156,3651,3490,0,0,0,0,0,0,0,2051,5392,5090,3292,610,5200,0,3482,2685,325,4156,3651,3490,0,0,0,0,0,0,0,4286,1270,5113,1150,5233,0,0,0,0,0,0,0,0,0,0,0,0,0,0,0,3011,610,1165,5233,248,2085,2360,4156,848,3317,4156,357,4710,5435,1659,3540,3011,5090,2161,0,3011,610,1165,5233,248,2085,2360,4156,848,3317,4156,357,4710,5435,1659,3540,3011,5090,2161,0"
116,"1931,3592,4156,922,1009,2688,4297,2487,3255,610,4134,4849,4091,1050,103,52,1009,1427,3752,3011,4344,1444,3703,4849,3935,1438,3965,2773,5288,3208,464,2510,3940,2635,4640,4720,4786,4156,1270,4156,0,0,0,0,0,0,0,0,0,0,0,0,0,0,0,0,0,0,0,0,0,0,0,0,0,0,0,0,0,0,0,0,0,0,0,0,0,0,0,0,0,0,0,0,0,0,0,0,0,0,0,0,0,0,0,0,0,0,0,0"
117,"3482,5357,4156,1150,3592,3674,1604,1520,1099,2804,213,5145,2682,0,52,4720,3011,3900,1943,3999,1931,2747,1931,3273,0,1763,4156,3191,610,2887,1220,0,3848,5207,1394,610,5090,4156,4749,3752,0,0,0,0,0,0,0,0,0,0,0,0,0,0,0,0,0,0,0,0,0,0,0,0,0,0,0,0,0,0,0,0,0,0,0,0,0,0,0,0,0,0,0,0,0,0,0,0,0,0,0,0,0,0,0,0,0,0,0,0"
118,"52,4720,3011,1722,4091,4156,3285,0,0,0,0,0,0,0,0,0,0,0,0,0,5240,3936,4653,895,5207,2066,0,2674,4720,610,3993,0,3192,4091,4720,922,4156,4786,1659,2613,5240,5207,2066,0,0,0,0,0,0,0,0,0,0,0,0,0,0,0,0,0,0,0,0,0,0,0,0,0,0,0,0,0,0,0,0,0,0,0,0,0,0,0,0,0,0,0,0,0,0,0,0,0,0,0,0,0,0,0,0,0"
119,"2639,922,1537,2911,4720,142,1742,4156,3952,215,4640,4767,4195,4710,5435,3674,2758,4156,2819,3940,1704,5233,1781,2487,1819,4156,5312,1840,3362,4653,5036,3752,2848,4030,4071,4908,1340,733,4156,4386,0,0,0,0,0,0,0,0,0,0,0,0,0,0,0,0,0,0,0,0,0,0,0,0,0,0,0,0,0,0,0,0,0,0,0,0,0,0,0,0,0,0,0,0,0,0,0,0,0,0,0,0,0,0,0,0,0,0,0,0"
120,"1931,5233,4156,1438,813,4010,0,0,0,0,0,0,0,0,0,0,0,0,0,0,3192,1438,5207,3417,4156,1960,5233,5207,3686,1292,4640,5207,3180,4071,1960,2883,303,1459,4344,1444,0,0,0,0,0,0,0,0,0,0,0,0,0,0,0,0,0,0,0,0,0,0,0,0,0,0,0,0,0,0,0,0,0,0,0,0,0,0,0,0,0,0,0,0,0,0,0,0,0,0,0,0,0,0,0,0,0,0,0,0"
121,"52,5207,4653,226,895,4849,1071,4156,5097,1340,4156,4195,5207,5356,813,1960,3833,3301,1177,4156,52,5207,4653,226,895,4849,1071,4156,5097,1340,4156,4195,5207,5356,813,1960,3833,3301,1177,4156,0,0,0,0,0,0,0,0,0,0,0,0,0,0,0,0,0,0,0,0,0,0,0,0,0,0,0,0,0,0,0,0,0,0,0,0,0,0,0,0,0,0,0,0,0,0,0,0,0,0,0,0,0,0,0,0,0,0,0,0"
122,"1071,4720,3011,1150,5392,4195,4720,1217,3856,4156,2891,3752,3651,5377,4156,1937,0,213,4071,2405,1931,3292,4344,2213,2330,2520,4849,4840,2360,2743,5361,1659,1960,2740,3674,1409,1960,1438,3940,3353,0,0,0,0,0,0,0,0,0,0,0,0,0,0,0,0,0,0,0,0,0,0,0,0,0,0,0,0,0,0,0,0,0,0,0,0,0,0,0,0,0,0,0,0,0,0,0,0,0,0,0,0,0,0,0,0,0,0,0,0"
123,"1071,4156,5269,908,2327,48,0,3192,1340,4720,610,2360,1960,5087,848,4156,3463,4156,921,4035,1071,4156,5269,908,2327,48,0,3192,1340,4720,610,2360,1960,5087,848,4156,3463,4156,921,4035,1071,4156,5269,908,2327,48,0,3192,1340,4720,610,2360,1960,5087,848,4156,3463,4156,921,4035,0,0,0,0,0,0,0,0,0,0,0,0,0,0,0,0,0,0,0,0,0,0,0,0,0,0,0,0,0,0,0,0,0,0,0,0,0,0,0,0"
124,"52,303,3592,5207,4288,3192,1355,4720,848,2359,3940,3011,1540,1347,4710,1912,3434,3011,126,1355,52,303,3592,5207,4288,3192,1355,4720,848,2359,3940,3011,1540,1347,4710,1912,3434,3011,126,1355,0,0,0,0,0,0,0,0,0,0,0,0,0,0,0,0,0,0,0,0,0,0,0,0,0,0,0,0,0,0,0,0,0,0,0,0,0,0,0,0,0,0,0,0,0,0,0,0,0,0,0,0,0,0,0,0,0,0,0,0"
125,"2898,5026,579,5207,3011,935,1438,1659,895,667,4071,1960,2135,2471,4156,2611,0,2898,117,1960,2898,675,1418,895,3940,5202,2803,5382,0,2898,2330,1818,4849,4091,4156,736,0,1649,4666,4720,0,0,0,0,0,0,0,0,0,0,0,0,0,0,0,0,0,0,0,0,0,0,0,0,0,0,0,0,0,0,0,0,0,0,0,0,0,0,0,0,0,0,0,0,0,0,0,0,0,0,0,0,0,0,0,0,0,0,0,0"
126,"4344,675,4276,4849,975,3273,3026,4113,1444,1772,2186,1630,248,813,4344,763,1311,1659,895,3828,1931,3454,813,4853,0,0,0,0,0,0,0,0,0,0,0,0,0,0,0,0,0,0,0,0,0,0,0,0,0,0,0,0,0,0,0,0,0,0,0,0,0,0,0,0,0,0,0,0,0,0,0,0,0,0,0,0,0,0,0,0,0,0,0,0,0,0,0,0,0,0,0,0,0,0,0,0,0,0,0,0"
127,"5232,2216,293,578,3011,3736,4156,4749,5392,467,3856,4156,3011,5356,3592,3434,4850,3700,4493,2845,5232,2216,293,578,3011,3736,4156,4749,5392,467,3856,4156,3011,5356,3592,3434,4850,3700,4493,2845,0,0,0,0,0,0,0,0,0,0,0,0,0,0,0,0,0,0,0,0,0,0,0,0,0,0,0,0,0,0,0,0,0,0,0,0,0,0,0,0,0,0,0,0,0,0,0,0,0,0,0,0,0,0,0,0,0,0,0,0"
128,"5453,2845,5207,1418,3833,18,3752,4114,4113,2332,583,2931,1659,2440,0,3069,579,739,3051,579,1931,1438,1659,1521,0,5240,5207,4407,813,4036,3192,2469,1382,3674,3175,5207,468,3765,1659,3011,2898,4452,117,1418,895,3940,2845,2907,3302,277,2186,357,1418,5128,0,1931,3592,3674,3590,4328,0,0,0,0,0,0,0,0,0,0,0,0,0,0,0,0,0,0,0,0,0,0,0,0,0,0,0,0,0,0,0,0,0,0,0,0,0,0,0,0"
129,"872,4156,270,1438,599,2931,4344,2283,3940,2569,3192,5087,4720,3792,4941,1537,3940,3011,589,445,3192,1438,4720,3011,2213,2086,4791,4071,2254,209,4556,2086,3374,4156,1324,1924,4344,5207,4845,2688,3192,1438,4720,3011,2213,2086,4791,4071,2254,209,4556,2086,3374,4156,1324,1924,4344,5207,4845,2688,3192,1438,4720,3011,2213,2086,4791,4071,2254,209,4556,2086,3374,4156,1324,1924,4344,5207,4845,2688,3192,1438,4720,3011,2213,2086,4791,4071,2254,209,4556,2086,3374,4156,1324,1924,4344,5207,4845,2688"
130,"2898,5350,2845,3273,1704,3492,4156,4633,3882,895,1430,3208,921,2533,1001,2055,2360,5436,4156,1140,2898,5350,2845,3273,1704,3492,4156,4633,3882,895,1430,3208,921,2533,1001,2055,2360,5436,4156,1140,2898,5350,2845,3273,1704,3492,4156,4633,3882,895,1430,3208,921,2533,1001,2055,2360,5436,4156,1140,0,0,0,0,0,0,0,0,0,0,0,0,0,0,0,0,0,0,0,0,0,0,0,0,0,0,0,0,0,0,0,0,0,0,0,0,0,0,0,0"
131,"1931,1438,1659,895,4156,1150,3374,3994,0,4640,4720,3011,610,3856,1438,3940,3011,1970,4156,848,3920,5207,892,3012,2304,2487,2646,3940,859,4128,4156,2881,357,4653,3387,756,4653,1092,779,0,0,0,0,0,0,0,0,0,0,0,0,0,0,0,0,0,0,0,0,0,0,0,0,0,0,0,0,0,0,0,0,0,0,0,0,0,0,0,0,0,0,0,0,0,0,0,0,0,0,0,0,0,0,0,0,0,0,0,0,0"
132,"3521,4156,4187,1912,2086,1924,0,2894,1912,610,2085,1190,3175,4410,4156,2998,3175,3255,714,4156,2898,1444,3703,3752,4996,589,5288,4156,3229,4720,3011,1697,4472,0,2898,1444,4074,1140,5307,4156,2898,1444,3703,3752,4996,589,5288,4156,3229,4720,3011,1697,4472,0,2898,1444,4074,1140,5307,4156,2898,1444,3703,3752,4996,589,5288,4156,3229,4720,3011,1697,4472,0,2898,1444,4074,1140,5307,4156,0,0,0,0,0,0,0,0,0,0,0,0,0,0,0,0,0,0,0,0"
133,"2136,751,3940,3011,5090,3915,1414,908,610,49,0,0,0,0,0,0,0,0,0,0,4869,302,3752,3496,4071,3781,3940,3011,848,3915,2126,1659,903,0,0,0,0,0,0,0,4869,302,3752,3496,4071,3781,3940,3011,848,3915,2126,1659,903,0,0,0,0,0,0,0,0,0,0,0,0,0,0,0,0,0,0,0,0,0,0,0,0,0,0,0,0,0,0,0,0,0,0,0,0,0,0,0,0,0,0,0,0,0,0,0"
134,"3069,3147,3590,2086,4156,4304,2909,0,2312,2520,4091,560,756,860,0,0,0,0,0,0,3069,3147,3590,2086,4156,4304,2909,0,2312,2520,4091,560,756,860,0,0,0,0,0,0,2055,3882,3011,327,1659,2010,1659,3957,4538,4653,4091,560,510,3521,4156,2430,1912,1960,2883,333,0,0,0,0,0,0,0,0,0,0,0,0,0,0,0,0,0,0,0,0,0,0,0,0,0,0,0,0,0,0,0,0,0,0,0,0,0,0,0,0"
135,"5240,5207,813,1041,4493,2360,3463,4156,4328,1347,1659,4394,5264,4070,4156,2337,0,0,0,0,2344,1438,4720,2903,3192,3592,4720,848,2359,1140,1659,589,254,1071,4720,3011,1150,5233,4156,4297,2344,1438,4720,3180,4071,1960,2883,3451,3703,784,4286,4922,2926,3463,4434,848,1355,4156,1150,1924,2344,1438,4720,3180,4071,1960,2883,3451,3703,784,4286,4922,2926,3463,4434,848,1355,4156,1150,1924,0,0,0,0,0,0,0,0,0,0,0,0,0,0,0,0,0,0,0,0"
136,"1931,3273,3482,3843,1659,3457,2757,4071,3036,4156,944,1659,4047,3482,1970,3915,3848,4720,1217,5090,1931,3273,3482,3843,1659,3457,2757,4071,3036,4156,944,1659,4047,3482,1970,3915,3848,4720,1217,5090,0,0,0,0,0,0,0,0,0,0,0,0,0,0,0,0,0,0,0,0,0,0,0,0,0,0,0,0,0,0,0,0,0,0,0,0,0,0,0,0,0,0,0,0,0,0,0,0,0,0,0,0,0,0,0,0,0,0,0,0"
137,"4239,4156,4187,1912,610,4116,4156,75,3112,1659,858,457,1704,1403,4156,4344,858,3940,1960,3833,4239,4156,4187,1912,610,4116,4156,75,3112,1659,858,457,1704,1403,4156,4344,858,3940,1960,3833,0,0,0,0,0,0,0,0,0,0,0,0,0,0,0,0,0,0,0,0,0,0,0,0,0,0,0,0,0,0,0,0,0,0,0,0,0,0,0,0,0,0,0,0,0,0,0,0,0,0,0,0,0,0,0,0,0,0,0,0"
138,"4344,1885,3011,610,2809,18,4276,4849,5289,3273,2141,5207,2809,4156,4749,4156,1960,3592,4720,4786,4344,1885,3011,610,2809,18,4276,4849,5289,3273,2141,5207,2809,4156,4749,4156,1960,3592,4720,4786,0,0,0,0,0,0,0,0,0,0,0,0,0,0,0,0,0,0,0,0,0,0,0,0,0,0,0,0,0,0,0,0,0,0,0,0,0,0,0,0,0,0,0,0,0,0,0,0,0,0,0,0,0,0,0,0,0,0,0,0"
139,"3615,1885,3011,610,5090,2909,3192,302,4720,813,2153,4156,3940,3011,1150,2747,872,5207,3011,2685,2051,302,2381,4195,4710,1597,4156,4720,813,2153,3434,1960,2488,164,4156,3940,1960,670,3192,3592,0,0,0,0,0,0,0,0,0,0,0,0,0,0,0,0,0,0,0,0,0,0,0,0,0,0,0,0,0,0,0,0,0,0,0,0,0,0,0,0,0,0,0,0,0,0,0,0,0,0,0,0,0,0,0,0,0,0,0,0"
140,"52,1438,4720,4088,516,3703,1430,3674,929,1387,2730,4156,5118,4195,4113,4513,3644,3674,4156,2337,52,1438,4720,4088,516,3703,1430,3674,929,1387,2730,4156,5118,4195,4113,4513,3644,3674,4156,2337,0,0,0,0,0,0,0,0,0,0,0,0,0,0,0,0,0,0,0,0,0,0,0,0,0,0,0,0,0,0,0,0,0,0,0,0,0,0,0,0,0,0,0,0,0,0,0,0,0,0,0,0,0,0,0,0,0,0,0,0"
141,"3785,1438,4720,1728,4493,3191,3366,4156,3742,0,0,2466,4767,1730,3011,301,4071,5026,1494,153,434,4720,3011,1697,429,0,2141,5026,4071,4195,1659,3540,4653,895,3463,4156,3955,0,3192,1009,434,4720,3011,1697,429,0,2141,5026,4071,4195,1659,3540,4653,895,3463,4156,3955,0,3192,1009,0,0,0,0,0,0,0,0,0,0,0,0,0,0,0,0,0,0,0,0,0,0,0,0,0,0,0,0,0,0,0,0,0,0,0,0,0,0,0,0"
142,"279,1659,768,3674,3353,3590,4328,2909,3482,1140,1659,1325,1901,1740,4156,3011,118,2392,5232,1270,4344,3824,2845,1438,3674,3011,4343,1495,4493,5202,5207,661,279,2223,3674,1896,0,0,0,0,0,0,0,0,0,0,0,0,0,0,0,0,0,0,0,0,0,0,0,0,0,0,0,0,0,0,0,0,0,0,0,0,0,0,0,0,0,0,0,0,0,0,0,0,0,0,0,0,0,0,0,0,0,0,0,0,0,0,0,0"
143,"3192,302,5207,1150,4493,3686,924,5357,2498,1960,3274,4493,4156,1960,3592,3940,1080,4520,5207,4287,2055,226,4563,3451,3703,3752,2845,4472,1931,3592,4156,4780,1150,116,4493,4397,1474,4344,1885,3011,0,0,0,0,0,0,0,0,0,0,0,0,0,0,0,0,0,0,0,0,0,0,0,0,0,0,0,0,0,0,0,0,0,0,0,0,0,0,0,0,0,0,0,0,0,0,0,0,0,0,0,0,0,0,0,0,0,0,0,0"
144,"3571,302,4720,3191,2360,964,4156,2677,5363,3940,3180,4071,2127,2883,222,0,4084,3563,1659,589,2136,302,3940,3590,1956,3592,3752,223,1355,3909,4493,3504,2493,3683,1292,0,3768,4156,1778,1912,0,0,0,0,0,0,0,0,0,0,0,0,0,0,0,0,0,0,0,0,0,0,0,0,0,0,0,0,0,0,0,0,0,0,0,0,0,0,0,0,0,0,0,0,0,0,0,0,0,0,0,0,0,0,0,0,0,0,0,0"
145,"52,4720,3011,1722,4156,359,542,0,3192,296,1912,4728,4156,357,1960,3374,4617,498,4071,1960,52,4720,3011,953,610,2360,4156,4238,542,2725,1394,892,848,1050,572,932,1140,1659,1150,222,0,0,0,0,0,0,0,0,0,0,0,0,0,0,0,0,0,0,0,0,0,0,0,0,0,0,0,0,0,0,0,0,0,0,0,0,0,0,0,0,0,0,0,0,0,0,0,0,0,0,0,0,0,0,0,0,0,0,0,0"
146,"52,4720,3011,1150,1438,1659,1521,3428,4072,2831,1659,464,4956,0,0,0,0,0,0,0,52,4720,3011,1150,1438,1659,1521,3428,4072,2831,1659,464,4956,0,0,0,0,0,0,0,52,4720,3011,1150,1438,1659,1521,3428,4072,2831,1659,464,4956,0,0,0,0,0,0,0,0,0,0,0,0,0,0,0,0,0,0,0,0,0,0,0,0,0,0,0,0,0,0,0,0,0,0,0,0,0,0,0,0,0,0,0,0,0,0,0"
147,"2898,1885,3011,1697,1521,3192,3592,4720,97,4328,837,3940,1960,5087,4156,1659,589,1150,2172,5091,2898,1885,3011,1697,1521,3192,3592,4720,97,4328,837,3940,1960,5087,4156,1659,589,1150,2172,5091,0,0,0,0,0,0,0,0,0,0,0,0,0,0,0,0,0,0,0,0,0,0,0,0,0,0,0,0,0,0,0,0,0,0,0,0,0,0,0,0,0,0,0,0,0,0,0,0,0,0,0,0,0,0,0,0,0,0,0,0"
148,"1471,3011,1150,2909,3192,302,4720,610,4922,5346,3856,4156,489,3192,1009,5207,610,3463,3752,357,1471,3011,1150,2909,3192,302,4720,610,4922,5346,3856,4156,489,3192,1009,5207,610,3463,3752,357,0,0,0,0,0,0,0,0,0,0,0,0,0,0,0,0,0,0,0,0,0,0,0,0,0,0,0,0,0,0,0,0,0,0,0,0,0,0,0,0,0,0,0,0,0,0,0,0,0,0,0,0,0,0,0,0,0,0,0,0"
149,"2101,2086,1438,1659,895,3940,1960,3626,4071,1609,4156,1840,929,1174,4109,4071,2612,790,0,5240,2101,2086,1438,1659,895,3940,1960,3626,4071,1609,4156,1840,929,1174,4109,4071,2612,790,0,5240,2101,2086,1438,1659,895,3940,1960,3626,4071,1609,4156,1840,929,1174,4109,4071,2612,790,0,5240,0,0,0,0,0,0,0,0,0,0,0,0,0,0,0,0,0,0,0,0,0,0,0,0,0,0,0,0,0,0,0,0,0,0,0,0,0,0,0,0"
150,"2898,1885,1960,2883,4563,4849,4416,508,3273,4640,4720,5363,3940,3011,2213,1722,1716,1140,1659,1960,2055,4653,226,4563,4849,3867,4156,4344,1444,3824,4390,929,2257,1086,4052,2360,1150,3592,4156,1150,52,5207,4653,226,895,4849,2619,2359,4653,3833,4849,3352,5349,3273,3192,1340,4720,4407,813,2153,52,5207,4653,226,895,4849,2619,2359,4653,3833,4849,3352,5349,3273,3192,1340,4720,4407,813,2153,52,5207,4653,226,895,4849,2619,2359,4653,3833,4849,3352,5349,3273,3192,1340,4720,4407,813,2153"
151,"3919,2488,1220,2428,1199,2688,1249,357,1418,4174,4156,2186,852,0,0,0,0,0,0,0,3919,2488,1220,2428,1199,2688,1249,357,1418,4174,4156,2186,852,0,0,0,0,0,0,0,0,0,0,0,0,0,0,0,0,0,0,0,0,0,0,0,0,0,0,0,0,0,0,0,0,0,0,0,0,0,0,0,0,0,0,0,0,0,0,0,0,0,0,0,0,0,0,0,0,0,0,0,0,0,0,0,0,0,0,0"
152,"52,4720,3011,748,4156,5081,1757,4156,4113,117,1418,929,1461,895,3940,2866,2350,0,3192,1437,52,4720,3011,748,4156,5081,1757,4156,4113,117,1418,929,1461,895,3940,2866,2350,0,3192,1437,0,0,0,0,0,0,0,0,0,0,0,0,0,0,0,0,0,0,0,0,0,0,0,0,0,0,0,0,0,0,0,0,0,0,0,0,0,0,0,0,0,0,0,0,0,0,0,0,0,0,0,0,0,0,0,0,0,0,0,0"
153,"52,302,4720,3011,1150,938,1759,3191,4922,2926,4156,3690,838,5040,1534,4849,4340,175,1916,4156,52,302,4720,3011,1150,938,1759,3191,4922,2926,4156,3690,838,5040,1534,4849,4340,175,1916,4156,0,0,0,0,0,0,0,0,0,0,0,0,0,0,0,0,0,0,0,0,0,0,0,0,0,0,0,0,0,0,0,0,0,0,0,0,0,0,0,0,0,0,0,0,0,0,0,0,0,0,0,0,0,0,0,0,0,0,0,0"
154,"3482,3463,4156,3856,3512,3192,3194,4720,343,1960,3592,4720,343,4156,1960,2740,1912,661,3521,5207,3482,3463,4156,3856,3512,3192,3194,4720,343,1960,3592,4720,343,4156,1960,2740,1912,661,3521,5207,0,0,0,0,0,0,0,0,0,0,0,0,0,0,0,0,0,0,0,0,0,0,0,0,0,0,0,0,0,0,0,0,0,0,0,0,0,0,0,0,0,0,0,0,0,0,0,0,0,0,0,0,0,0,0,0,0,0,0,0"
155,"861,4132,4328,971,1202,2363,224,2628,0,0,0,0,0,0,0,0,0,0,0,0,861,4132,4328,971,1202,2363,224,2628,0,0,0,0,0,0,0,0,0,0,0,0,861,4132,4328,971,1202,2363,224,2628,0,0,0,0,0,0,0,0,0,0,0,0,0,0,0,0,0,0,0,0,0,0,0,0,0,0,0,0,0,0,0,0,0,0,0,0,0,0,0,0,0,0,0,0,0,0,0,0,0,0,0,0"
156,"52,5207,3011,5090,1438,1659,895,3940,4328,837,3563,4071,1960,3795,2039,0,3192,4698,908,3401,52,5207,3011,5090,1438,1659,895,3940,4328,837,3563,4071,1960,3795,2039,0,3192,4698,908,3401,0,0,0,0,0,0,0,0,0,0,0,0,0,0,0,0,0,0,0,0,0,0,0,0,0,0,0,0,0,0,0,0,0,0,0,0,0,0,0,0,0,0,0,0,0,0,0,0,0,0,0,0,0,0,0,0,0,0,0,0"
157,"5330,1150,3553,4156,4654,813,2153,3752,3011,610,4116,4472,4344,2381,895,3752,2619,4947,4956,0,5330,1150,3553,4156,4654,813,2153,3752,3011,610,4116,4472,4344,2381,895,3752,2619,4947,4956,0,5330,1150,3553,4156,4654,813,2153,3752,3011,610,4116,4472,4344,2381,895,3752,2619,4947,4956,0,0,0,0,0,0,0,0,0,0,0,0,0,0,0,0,0,0,0,0,0,0,0,0,0,0,0,0,0,0,0,0,0,0,0,0,0,0,0,0,0"
158,"3192,4712,5207,3011,2685,2644,3674,1418,4174,4493,4113,908,124,726,3674,3708,3491,3011,1438,4113,2126,1659,1960,1982,4156,3940,3011,848,785,1786,3326,5207,3882,3011,1438,1659,5003,1166,0,2428,0,0,0,0,0,0,0,0,0,0,0,0,0,0,0,0,0,0,0,0,0,0,0,0,0,0,0,0,0,0,0,0,0,0,0,0,0,0,0,0,0,0,0,0,0,0,0,0,0,0,0,0,0,0,0,0,0,0,0,0"
159,"1931,1438,1659,1521,0,0,0,0,0,0,0,0,0,0,0,0,0,0,0,0,1106,3011,1150,1438,4156,1150,1595,1471,4195,4344,305,3674,4653,895,4156,5177,2831,1659,4653,5143,1106,3011,1150,1438,4156,1150,1595,1471,4195,4344,305,3674,4653,895,4156,5177,2831,1659,4653,5143,1106,3011,1150,1438,4156,1150,1595,1471,4195,4344,305,3674,4653,895,4156,5177,2831,1659,4653,5143,1931,1438,1659,1521,0,0,0,0,0,0,0,0,0,0,0,0,0,0,0,0"
160,"2396,2909,1484,4744,3674,5438,4071,4037,3772,1295,4720,1053,3192,2740,1912,3437,4086,4344,1444,2734,2396,2909,1484,4744,3674,5438,4071,4037,3772,1295,4720,1053,3192,2740,1912,3437,4086,4344,1444,2734,2396,2909,1484,4744,3674,5438,4071,4037,3772,1295,4720,1053,3192,2740,1912,3437,4086,4344,1444,2734,2396,2909,1484,4744,3674,5438,4071,4037,3772,1295,4720,1053,3192,2740,1912,3437,4086,4344,1444,2734,0,0,0,0,0,0,0,0,0,0,0,0,0,0,0,0,0,0,0,0"
161,"3192,3592,4720,3878,3674,3863,1494,4156,756,2780,3096,185,4091,4720,3764,4156,3352,1295,5207,2903,3192,3592,4720,3878,3674,3863,1494,4156,756,2780,3096,185,4091,4720,3764,4156,3352,1295,5207,2903,0,0,0,0,0,0,0,0,0,0,0,0,0,0,0,0,0,0,0,0,0,0,0,0,0,0,0,0,0,0,0,0,0,0,0,0,0,0,0,0,0,0,0,0,0,0,0,0,0,0,0,0,0,0,0,0,0,0,0,0"
162,"3192,2528,3936,1960,2958,813,4344,485,3898,5001,4653,895,2681,4344,2459,1659,895,1430,667,4344,3192,2528,3936,1960,2958,813,4344,485,3898,5001,4653,895,2681,4344,2459,1659,895,1430,667,4344,0,0,0,0,0,0,0,0,0,0,0,0,0,0,0,0,0,0,0,0,0,0,0,0,0,0,0,0,0,0,0,0,0,0,0,0,0,0,0,0,0,0,0,0,0,0,0,0,0,0,0,0,0,0,0,0,0,0,0,0"
163,"3820,1659,3011,1780,1033,4156,3011,3039,4213,4344,107,1401,3752,3011,128,4177,4849,4962,0,4344,3820,1659,3011,1780,1033,4156,3011,3039,4213,4344,107,1401,3752,3011,128,4177,4849,4962,0,4344,0,0,0,0,0,0,0,0,0,0,0,0,0,0,0,0,0,0,0,0,0,0,0,0,0,0,0,0,0,0,0,0,0,0,0,0,0,0,0,0,0,0,0,0,0,0,0,0,0,0,0,0,0,0,0,0,0,0,0,0"
164,"3192,4745,4071,1960,302,3652,5001,579,2665,0,4640,5207,4134,3383,2498,4113,974,964,4156,2491,3192,4745,4071,1960,302,3652,5001,579,2665,0,4640,5207,4134,3383,2498,4113,974,964,4156,2491,0,0,0,0,0,0,0,0,0,0,0,0,0,0,0,0,0,0,0,0,0,0,0,0,0,0,0,0,0,0,0,0,0,0,0,0,0,0,0,0,0,0,0,0,0,0,0,0,0,0,0,0,0,0,0,0,0,0,0,0"
165,"1704,895,4849,1191,4156,2844,1438,5207,4195,2688,5207,710,4156,4195,4344,2148,0,3192,1438,5207,1704,895,3940,1609,5207,5106,0,3522,1438,5207,1329,2360,4786,4156,3479,4316,468,1659,234,3936,0,0,0,0,0,0,0,0,0,0,0,0,0,0,0,0,0,0,0,0,0,0,0,0,0,0,0,0,0,0,0,0,0,0,0,0,0,0,0,0,0,0,0,0,0,0,0,0,0,0,0,0,0,0,0,0,0,0,0,0"
166,"1226,4156,4618,1438,5207,2066,695,2240,3175,3752,4864,4156,357,1960,2122,4113,305,1659,1444,3011,1226,4156,4618,1438,5207,2066,695,2240,3175,3752,4864,4156,357,1960,2122,4113,305,1659,1444,3011,0,0,0,0,0,0,0,0,0,0,0,0,0,0,0,0,0,0,0,0,0,0,0,0,0,0,0,0,0,0,0,0,0,0,0,0,0,0,0,0,0,0,0,0,0,0,0,0,0,0,0,0,0,0,0,0,0,0,0,0"
167,"225,1659,1930,3112,2520,1226,4156,695,4720,4407,3008,1011,1662,4156,3008,5118,4653,3833,2732,3208,225,1659,1930,3112,2520,1226,4156,695,4720,4407,3008,1011,1662,4156,3008,5118,4653,3833,2732,3208,225,1659,1930,3112,2520,1226,4156,695,4720,4407,3008,1011,1662,4156,3008,5118,4653,3833,2732,3208,225,1659,1930,3112,2520,1226,4156,695,4720,4407,3008,1011,1662,4156,3008,5118,4653,3833,2732,3208,225,1659,1930,3112,2520,1226,4156,695,4720,4407,3008,1011,1662,4156,3008,5118,4653,3833,2732,3208"
168,"1682,2909,3920,5207,4327,4156,1216,4949,3656,1960,3269,4289,4849,3833,1084,0,0,0,0,0,1682,2909,3920,5207,4327,4156,1216,4949,3656,1960,3269,4289,4849,3833,1084,0,0,0,0,0,1682,2909,3920,5207,4327,4156,1216,4949,3656,1960,3269,4289,4849,3833,1084,0,0,0,0,0,1682,2909,3920,5207,4327,4156,1216,4949,3656,1960,3269,4289,4849,3833,1084,0,0,0,0,0,1229,1960,956,1659,1960,4769,1659,1960,2758,4493,579,4720,2281,1659,622,3011,4274,2393,0,0"
169,"1682,1438,1659,2909,4878,3915,3848,5207,1989,1659,1840,317,2487,3940,4156,1678,2487,1659,4653,1599,3192,652,4720,3011,2828,1438,3940,3011,1150,4556,3752,3496,4071,3036,4156,4328,4210,3076,1420,1788,0,0,0,0,0,0,0,0,0,0,0,0,0,0,0,0,0,0,0,0,0,0,0,0,0,0,0,0,0,0,0,0,0,0,0,0,0,0,0,0,0,0,0,0,0,0,0,0,0,0,0,0,0,0,0,0,0,0,0,0"
170,"4023,4156,1771,1912,1960,3005,1924,1229,1960,490,3940,2905,2117,4653,589,5398,1659,4393,3175,1659,1071,5207,3011,1697,2471,2882,2998,2487,3255,4849,4091,3686,3362,4344,4013,2141,5207,3828,1659,4283,1071,5207,3011,1697,2471,2882,2998,2487,3255,4849,4091,3686,3362,4344,4013,2141,5207,3828,1659,4283,0,0,0,0,0,0,0,0,0,0,0,0,0,0,0,0,0,0,0,0,0,0,0,0,0,0,0,0,0,0,0,0,0,0,0,0,0,0,0,0"
171,"52,5207,4653,3833,303,895,4156,579,5207,3590,209,18,1659,1482,1960,3280,4493,1340,5207,308,52,5207,4653,3833,303,895,4156,579,5207,3590,209,18,1659,1482,1960,3280,4493,1340,5207,308,0,0,0,0,0,0,0,0,0,0,0,0,0,0,0,0,0,0,0,0,0,0,0,0,0,0,0,0,0,0,0,0,0,0,0,0,0,0,0,0,0,0,0,0,0,0,0,0,0,0,0,0,0,0,0,0,0,0,0,0"
172,"52,5207,4653,226,4563,4276,3752,717,4156,2223,579,5207,3011,1150,3225,862,2278,0,0,0,52,5207,4653,226,4563,4276,3752,717,4156,2223,579,5207,3011,1150,3225,862,2278,0,0,0,0,0,0,0,0,0,0,0,0,0,0,0,0,0,0,0,0,0,0,0,0,0,0,0,0,0,0,0,0,0,0,0,0,0,0,0,0,0,0,0,0,0,0,0,0,0,0,0,0,0,0,0,0,0,0,0,0,0,0,0"
173,"2286,3752,4678,4156,768,4720,1217,4664,3192,1340,4720,3882,3856,3752,1905,4460,4156,870,3192,3592,2286,3752,4678,4156,768,4720,1217,4664,3192,1340,4720,3882,3856,3752,1905,4460,4156,870,3192,3592,0,0,0,0,0,0,0,0,0,0,0,0,0,0,0,0,0,0,0,0,0,0,0,0,0,0,0,0,0,0,0,0,0,0,0,0,0,0,0,0,0,0,0,0,0,0,0,0,0,0,0,0,0,0,0,0,0,0,0,0"
174,"3451,3703,1430,1412,1330,0,5124,2963,1960,2747,0,0,0,0,0,0,0,0,0,0,52,5207,4653,226,4563,4276,1430,4752,2688,729,518,2409,3809,0,3259,4710,250,1960,1665,3342,0,0,0,0,0,0,0,0,0,0,0,0,0,0,0,0,0,0,0,0,0,0,0,0,0,0,0,0,0,0,0,0,0,0,0,0,0,0,0,0,0,0,0,0,0,0,0,0,0,0,0,0,0,0,0,0,0,0,0,0"
175,"1042,4156,345,908,1960,2011,5356,1595,0,2894,908,2616,3434,4921,3208,4113,5380,2359,2234,3674,1042,4156,345,908,1960,2011,5356,1595,0,2894,908,2616,3434,4921,3208,4113,5380,2359,2234,3674,0,0,0,0,0,0,0,0,0,0,0,0,0,0,0,0,0,0,0,0,0,0,0,0,0,0,0,0,0,0,0,0,0,0,0,0,0,0,0,0,0,0,0,0,0,0,0,0,0,0,0,0,0,0,0,0,0,0,0,0"
176,"52,4720,3011,1150,1340,4156,4195,5207,3940,1722,795,2360,4156,3015,3192,1723,4685,706,3936,859,52,4720,3011,1150,1340,4156,4195,5207,3940,1722,795,2360,4156,3015,3192,1723,4685,706,3936,859,52,4720,3011,1150,1340,4156,4195,5207,3940,1722,795,2360,4156,3015,3192,1723,4685,706,3936,859,0,0,0,0,0,0,0,0,0,0,0,0,0,0,0,0,0,0,0,0,0,0,0,0,0,0,0,0,0,0,0,0,0,0,0,0,0,0,0,0"
177,"434,4156,462,1912,1217,1924,185,4091,4720,1619,2360,1270,4156,1140,1659,4210,1148,3036,4156,1005,434,4156,462,1912,1217,1924,185,4091,4720,1619,2360,1270,4156,1140,1659,4210,1148,3036,4156,1005,0,0,0,0,0,0,0,0,0,0,0,0,0,0,0,0,0,0,0,0,0,0,0,0,0,0,0,0,0,0,0,0,0,0,0,0,0,0,0,0,0,0,0,0,0,0,0,0,0,0,0,0,0,0,0,0,0,0,0,0"
178,"3192,302,4720,3686,2964,2498,1960,3971,3482,848,1655,4156,1563,1960,3909,4720,3434,1355,3752,3011,3192,302,4720,3686,2964,2498,1960,3971,3482,848,1655,4156,1563,1960,3909,4720,3434,1355,3752,3011,3192,302,4720,3686,2964,2498,1960,3971,3482,848,1655,4156,1563,1960,3909,4720,3434,1355,3752,3011,0,0,0,0,0,0,0,0,0,0,0,0,0,0,0,0,0,0,0,0,0,0,0,0,0,0,0,0,0,0,0,0,0,0,0,0,0,0,0,0"
179,"2898,4594,3011,1697,1461,4849,1226,4884,284,5016,542,2898,908,464,1418,1454,4156,2187,4156,1418,2898,4594,3011,1697,1461,4849,1226,4884,284,5016,542,2898,908,464,1418,1454,4156,2187,4156,1418,0,0,0,0,0,0,0,0,0,0,0,0,0,0,0,0,0,0,0,0,0,0,0,0,0,0,0,0,0,0,0,0,0,0,0,0,0,0,0,0,0,0,0,0,0,0,0,0,0,0,0,0,0,0,0,0,0,0,0,0"
180,"3800,1438,5207,343,1270,2360,4156,1552,1659,944,4156,4860,2141,4156,462,1912,2085,160,1924,0,3800,1438,5207,343,1270,2360,4156,1552,1659,944,4156,4860,2141,4156,462,1912,2085,160,1924,0,0,0,0,0,0,0,0,0,0,0,0,0,0,0,0,0,0,0,0,0,0,0,0,0,0,0,0,0,0,0,0,0,0,0,0,0,0,0,0,0,0,0,0,0,0,0,0,0,0,0,0,0,0,0,0,0,0,0,0,0"
181,"358,5207,4145,1659,3406,3175,2240,3175,5250,0,0,0,0,0,0,0,0,0,0,0,358,5207,4145,1659,3406,3175,2240,3175,5250,0,0,0,0,0,0,0,0,0,0,0,0,0,0,0,0,0,0,0,0,0,0,0,0,0,0,0,0,0,0,0,0,0,0,0,0,0,0,0,0,0,0,0,0,0,0,0,0,0,0,0,0,0,0,0,0,0,0,0,0,0,0,0,0,0,0,0,0,0,0,0"
182,"4601,584,0,0,0,0,0,0,0,0,0,0,0,0,0,0,0,0,0,0,865,5207,620,3192,1009,5207,3417,4156,2121,4035,2914,2161,5207,4407,5219,2160,3940,607,1011,825,865,5207,620,3192,1009,5207,3417,4156,2121,4035,2914,2161,5207,4407,5219,2160,3940,607,1011,825,865,5207,620,3192,1009,5207,3417,4156,2121,4035,2914,2161,5207,4407,5219,2160,3940,607,1011,825,0,0,0,0,0,0,0,0,0,0,0,0,0,0,0,0,0,0,0,0"
183,"4294,5207,3011,1697,4156,51,429,3192,5141,4091,5207,2216,4156,5335,4156,1209,1578,2141,2914,1740,2755,5207,3011,1697,5233,4156,4344,675,2121,4840,5087,929,2518,4156,2121,374,2141,5207,610,3012,0,0,0,0,0,0,0,0,0,0,0,0,0,0,0,0,0,0,0,0,0,0,0,0,0,0,0,0,0,0,0,0,0,0,0,0,0,0,0,0,0,0,0,0,0,0,0,0,0,0,0,0,0,0,0,0,0,0,0,0"
184,"2898,1885,3011,1150,3225,3192,1340,4156,1009,908,892,3856,4156,4294,5207,1040,1659,5445,1418,1497,4576,3011,327,1659,895,1061,0,0,0,0,0,0,0,0,0,0,0,0,0,0,4576,3011,327,1659,895,1061,0,0,0,0,0,0,0,0,0,0,0,0,0,0,0,0,0,0,0,0,0,0,0,0,0,0,0,0,0,0,0,0,0,0,0,0,0,0,0,0,0,0,0,0,0,0,0,0,0,0,0,0,0,0"
185,"4344,5207,2998,1659,3255,4849,4091,4156,1960,4698,908,711,4640,5207,4328,1659,3683,1659,756,1960,3856,848,4156,3463,813,3882,0,0,0,0,0,0,0,0,0,0,0,0,0,0,3856,848,4156,3463,813,3882,0,0,0,0,0,0,0,0,0,0,0,0,0,0,3856,848,4156,3463,813,3882,0,0,0,0,0,0,0,0,0,0,0,0,0,0,3856,848,4156,3463,813,3882,0,0,0,0,0,0,0,0,0,0,0,0,0,0"
186,"2898,908,2240,3752,4371,2274,4720,1960,226,4563,4113,1444,4139,3180,4071,4732,1472,0,2898,908,2898,908,2240,3752,4371,2274,4720,1960,226,4563,4113,1444,4139,3180,4071,4732,1472,0,2898,908,0,0,0,0,0,0,0,0,0,0,0,0,0,0,0,0,0,0,0,0,0,0,0,0,0,0,0,0,0,0,0,0,0,0,0,0,0,0,0,0,0,0,0,0,0,0,0,0,0,0,0,0,0,0,0,0,0,0,0,0"
187,"4344,1885,3011,1150,4563,4849,4643,2873,2466,5207,1815,2281,4932,4156,4094,4344,1885,3011,3436,1659,4344,1885,3011,1150,4563,4849,4643,2873,2466,5207,1815,2281,4932,4156,4094,4344,1885,3011,3436,1659,4344,1885,3011,1150,4563,4849,4643,2873,2466,5207,1815,2281,4932,4156,4094,4344,1885,3011,3436,1659,0,0,0,0,0,0,0,0,0,0,0,0,0,0,0,0,0,0,0,0,0,0,0,0,0,0,0,0,0,0,0,0,0,0,0,0,0,0,0,0"
188,"1471,3496,4071,935,3752,1150,956,0,0,0,0,0,0,0,0,0,0,0,0,0,1471,3496,4071,935,3752,1150,956,0,0,0,0,0,0,0,0,0,0,0,0,0,1931,1659,5122,4322,4344,3363,895,3940,4744,3208,4344,236,2381,4300,0,0,0,0,0,0,1931,1659,5122,4322,4344,3363,895,3940,4744,3208,4344,236,2381,4300,0,0,0,0,0,0,0,0,0,0,0,0,0,0,0,0,0,0,0,0,0,0,0,0,0,0"
189,"3665,3463,1340,4720,1840,3011,318,1174,1347,756,1960,2464,3795,3526,2688,1232,4326,2498,2151,1174,3665,3463,1340,4720,1840,3011,318,1174,1347,756,1960,2464,3795,3526,2688,1232,4326,2498,2151,1174,3665,3463,1340,4720,1840,3011,318,1174,1347,756,1960,2464,3795,3526,2688,1232,4326,2498,2151,1174,0,0,0,0,0,0,0,0,0,0,0,0,0,0,0,0,0,0,0,0,0,0,0,0,0,0,0,0,0,0,0,0,0,0,0,0,0,0,0,0"
190,"750,4091,4720,4728,2360,1150,4556,4156,4407,813,3229,866,4156,4973,3940,2121,352,4640,3089,4720,750,4091,4720,4728,2360,1150,4556,4156,4407,813,3229,866,4156,4973,3940,2121,352,4640,3089,4720,0,0,0,0,0,0,0,0,0,0,0,0,0,0,0,0,0,0,0,0,0,0,0,0,0,0,0,0,0,0,0,0,0,0,0,0,0,0,0,0,0,0,0,0,0,0,0,0,0,0,0,0,0,0,0,0,0,0,0,0"
191,"2796,5207,3011,1150,4472,0,2466,1885,3011,3909,360,5352,3674,2487,4156,2914,2487,3752,3590,2086,2796,5207,3011,1150,4472,0,2466,1885,3011,3909,360,5352,3674,2487,4156,2914,2487,3752,3590,2086,1931,2747,3843,1659,3496,4071,1150,3036,3940,1075,1306,3192,302,5207,3463,4156,5163,2868,3968,4758,0,0,0,0,0,0,0,0,0,0,0,0,0,0,0,0,0,0,0,0,0,0,0,0,0,0,0,0,0,0,0,0,0,0,0,0,0,0,0,0"
192,"2796,3504,3011,610,5090,4093,4071,153,4710,3255,4849,860,0,2466,5381,859,5087,4156,616,5033,2796,3504,3011,610,5090,4093,4071,153,4710,3255,4849,860,0,2466,5381,859,5087,4156,616,5033,0,0,0,0,0,0,0,0,0,0,0,0,0,0,0,0,0,0,0,0,0,0,0,0,0,0,0,0,0,0,0,0,0,0,0,0,0,0,0,0,0,0,0,0,0,0,0,0,0,0,0,0,0,0,0,0,0,0,0,0"
193,"939,4326,2498,4602,1174,756,1960,3795,3526,2318,2410,2925,5143,1659,3011,829,3889,1960,4913,4720,4643,302,255,4489,1532,453,3011,5191,3506,4344,355,3011,2685,4096,2561,4156,1960,2970,266,908,0,0,0,0,0,0,0,0,0,0,0,0,0,0,0,0,0,0,0,0,0,0,0,0,0,0,0,0,0,0,0,0,0,0,0,0,0,0,0,0,0,0,0,0,0,0,0,0,0,0,0,0,0,0,0,0,0,0,0,0"
194,"3482,4811,4156,1150,116,0,0,0,0,0,0,0,0,0,0,0,0,0,0,0,579,5207,3353,3011,2065,3324,4344,3840,1444,3436,1659,1930,4294,2359,4653,788,1792,1960,1340,4720,0,0,0,0,0,0,0,0,0,0,0,0,0,0,0,0,0,0,0,0,0,0,0,0,0,0,0,0,0,0,0,0,0,0,0,0,0,0,0,0,0,0,0,0,0,0,0,0,0,0,0,0,0,0,0,0,0,0,0,0"
195,"4282,1438,4720,2327,3463,4156,3229,4720,3590,1826,4472,3192,3592,4720,1631,3011,1150,3241,4964,3674,4282,1438,4720,2327,3463,4156,3229,4720,3590,1826,4472,3192,3592,4720,1631,3011,1150,3241,4964,3674,4282,1438,4720,2327,3463,4156,3229,4720,3590,1826,4472,3192,3592,4720,1631,3011,1150,3241,4964,3674,0,0,0,0,0,0,0,0,0,0,0,0,0,0,0,0,0,0,0,0,0,0,0,0,0,0,0,0,0,0,0,0,0,0,0,0,0,0,0,0"
196,"5373,3154,4720,4653,1195,560,756,3442,0,1704,2011,5076,895,5207,813,5356,813,4653,1092,2968,5373,3154,4720,4653,1195,560,756,3442,0,1704,2011,5076,895,5207,813,5356,813,4653,1092,2968,3192,266,908,4407,813,2153,3940,1960,2488,3434,1281,0,2894,908,3581,892,2360,1619,2279,4156,5373,3154,4720,4653,1195,560,756,3442,0,1704,2011,5076,895,5207,813,5356,813,4653,1092,2968,5373,3154,4720,4653,1195,560,756,3442,0,1704,2011,5076,895,5207,813,5356,813,4653,1092,2968"
197,"52,4720,4653,194,895,4849,5373,765,5202,5396,4720,3590,2086,4472,3192,302,4720,3856,4156,2907,52,4720,4653,194,895,4849,5373,765,5202,5396,4720,3590,2086,4472,3192,302,4720,3856,4156,2907,0,0,0,0,0,0,0,0,0,0,0,0,0,0,0,0,0,0,0,0,0,0,0,0,0,0,0,0,0,0,0,0,0,0,0,0,0,0,0,0,0,0,0,0,0,0,0,0,0,0,0,0,0,0,0,0,0,0,0,0"
198,"5202,2803,1438,4720,4088,4640,4767,4195,4710,5435,4665,3011,1722,5179,810,3011,1697,4156,160,4472,3451,3703,4849,1042,4156,3144,1757,2961,3011,318,5288,2959,4720,1224,4667,2359,2845,4720,1960,3833,3451,3703,4849,1042,4156,3144,1757,2961,3011,318,5288,2959,4720,1224,4667,2359,2845,4720,1960,3833,1042,4156,2716,5278,2544,4071,3352,997,1659,898,3012,4453,2520,1894,1659,3683,1659,3352,1438,756,0,0,0,0,0,0,0,0,0,0,0,0,0,0,0,0,0,0,0,0"
199,"52,4720,3011,953,942,883,1929,542,1931,2747,5328,3810,0,0,0,0,0,0,0,0,274,4069,3618,1999,4611,2579,2604,4536,2360,2086,2146,1826,2471,1111,2186,4183,848,3592,3940,1697,0,0,0,0,0,0,0,0,0,0,0,0,0,0,0,0,0,0,0,0,0,0,0,0,0,0,0,0,0,0,0,0,0,0,0,0,0,0,0,0,0,0,0,0,0,0,0,0,0,0,0,0,0,0,0,0,0,0,0,0"
200,"5328,723,0,0,0,0,0,0,0,0,0,0,0,0,0,0,0,0,0,0,1042,4156,2716,908,2903,2894,908,4474,3752,4653,971,1202,2085,4156,5408,3011,301,3936,1960,4425,1042,4156,2716,908,2903,2894,908,4474,3752,4653,971,1202,2085,4156,5408,3011,301,3936,1960,4425,0,0,0,0,0,0,0,0,0,0,0,0,0,0,0,0,0,0,0,0,0,0,0,0,0,0,0,0,0,0,0,0,0,0,0,0,0,0,0,0"
201,"4344,2899,1482,4607,2685,1909,3936,1649,847,4156,5202,2803,1187,2364,3192,302,4720,4069,4156,4767,3192,3302,5207,3011,3417,1438,1659,895,3434,4653,5076,1692,1659,790,2055,2360,1363,4156,4064,4407,0,0,0,0,0,0,0,0,0,0,0,0,0,0,0,0,0,0,0,0,0,0,0,0,0,0,0,0,0,0,0,0,0,0,0,0,0,0,0,0,0,0,0,0,0,0,0,0,0,0,0,0,0,0,0,0,0,0,0,0"
202,"3192,1594,1438,4344,895,3208,3940,790,4344,763,3011,4697,1051,0,0,0,0,0,0,0,4344,895,3752,1960,1273,5100,3192,2883,1438,1659,895,3940,790,1664,0,0,0,0,0,0,4344,895,3752,1960,1273,5100,3192,2883,1438,1659,895,3940,790,1664,0,0,0,0,0,0,4344,895,3752,1960,1273,5100,3192,2883,1438,1659,895,3940,790,1664,0,0,0,0,0,0,4344,895,3752,1960,1273,5100,3192,2883,1438,1659,895,3940,790,1664,0,0,0,0,0,0"
203,"4344,1885,3011,610,3463,895,3752,1314,2141,4720,3011,1165,4156,2809,5233,4156,2121,1340,4720,2140,4344,1885,3011,610,3463,895,3752,1314,2141,4720,3011,1165,4156,2809,5233,4156,2121,1340,4720,2140,4344,1885,3011,610,3463,895,3752,1314,2141,4720,3011,1165,4156,2809,5233,4156,2121,1340,4720,2140,0,0,0,0,0,0,0,0,0,0,0,0,0,0,0,0,0,0,0,0,0,0,0,0,0,0,0,0,0,0,0,0,0,0,0,0,0,0,0,0"
204,"1106,3590,209,723,2898,675,1175,4196,1009,4156,4787,2376,4071,1960,1997,180,1009,4156,3875,1052,1106,3590,209,723,2898,675,1175,4196,1009,4156,4787,2376,4071,1960,1997,180,1009,4156,3875,1052,0,0,0,0,0,0,0,0,0,0,0,0,0,0,0,0,0,0,0,0,0,0,0,0,0,0,0,0,0,0,0,0,0,0,0,0,0,0,0,0,0,0,0,0,0,0,0,0,0,0,0,0,0,0,0,0,0,0,0,0"
205,"1931,895,4849,1960,245,3994,3192,1009,5207,3191,3856,4156,610,736,0,0,0,0,0,0,1931,895,4849,1960,245,3994,3192,1009,5207,3191,3856,4156,610,736,0,0,0,0,0,0,0,0,0,0,0,0,0,0,0,0,0,0,0,0,0,0,0,0,0,0,0,0,0,0,0,0,0,0,0,0,0,0,0,0,0,0,0,0,0,0,0,0,0,0,0,0,0,0,0,0,0,0,0,0,0,0,0,0,0,0"
206,"4344,1444,3703,3752,1960,2863,589,5288,3940,1960,2320,2359,2845,5207,4653,3833,4563,4276,4849,1175,3944,1551,3249,2339,3486,2300,4009,2890,3908,0,0,0,0,0,0,0,0,0,0,0,3944,1551,3249,2339,3486,2300,4009,2890,3908,0,0,0,0,0,0,0,0,0,0,0,3944,1551,3249,2339,3486,2300,4009,2890,3908,0,0,0,0,0,0,0,0,0,0,0,3944,1551,3249,2339,3486,2300,4009,2890,3908,0,0,0,0,0,0,0,0,0,0,0"
207,"4344,3703,3674,3011,5017,4156,1885,3011,2685,5006,3192,302,4720,5363,175,5025,4156,1916,4156,116,4344,3703,3674,3011,5017,4156,1885,3011,2685,5006,3192,302,4720,5363,175,5025,4156,1916,4156,116,0,0,0,0,0,0,0,0,0,0,0,0,0,0,0,0,0,0,0,0,0,0,0,0,0,0,0,0,0,0,0,0,0,0,0,0,0,0,0,0,0,0,0,0,0,0,0,0,0,0,0,0,0,0,0,0,0,0,0,0"
208,"1931,884,5146,1244,575,4071,1009,1659,3079,4156,1118,0,0,0,0,0,0,0,0,0,1931,884,5146,1244,575,4071,1009,1659,3079,4156,1118,0,0,0,0,0,0,0,0,0,0,0,0,0,0,0,0,0,0,0,0,0,0,0,0,0,0,0,0,0,0,0,0,0,0,0,0,0,0,0,0,0,0,0,0,0,0,0,0,0,0,0,0,0,0,0,0,0,0,0,0,0,0,0,0,0,0,0,0,0"
209,"1931,1438,1659,2909,4626,4563,4344,3068,4156,5118,3882,3011,1586,3192,1009,4720,3011,1990,1009,2360,768,5207,5106,5073,3496,4071,4557,3434,1960,5000,4156,4720,610,3012,30,4710,1444,3011,2253,2627,0,0,0,0,0,0,0,0,0,0,0,0,0,0,0,0,0,0,0,0,0,0,0,0,0,0,0,0,0,0,0,0,0,0,0,0,0,0,0,0,0,0,0,0,0,0,0,0,0,0,0,0,0,0,0,0,0,0,0,0"
210,"3482,5090,3856,848,779,0,4084,3563,1659,4210,3076,4156,1916,3239,3471,4720,3011,610,2557,4472,3482,5090,3856,848,779,0,4084,3563,1659,4210,3076,4156,1916,3239,3471,4720,3011,610,2557,4472,0,0,0,0,0,0,0,0,0,0,0,0,0,0,0,0,0,0,0,0,0,0,0,0,0,0,0,0,0,0,0,0,0,0,0,0,0,0,0,0,0,0,0,0,0,0,0,0,0,0,0,0,0,0,0,0,0,0,0,0"
211,"2923,1270,4786,1659,3346,5137,0,4515,589,5092,3374,3945,3471,5207,308,3012,4156,49,0,4344,2923,1270,4786,1659,3346,5137,0,4515,589,5092,3374,3945,3471,5207,308,3012,4156,49,0,4344,0,0,0,0,0,0,0,0,0,0,0,0,0,0,0,0,0,0,0,0,0,0,0,0,0,0,0,0,0,0,0,0,0,0,0,0,0,0,0,0,0,0,0,0,0,0,0,0,0,0,0,0,0,0,0,0,0,0,0,0"
212,"4344,3824,2845,1438,3674,4653,3492,2882,908,464,2487,3940,790,2055,3011,953,1734,4156,3856,302,4344,3824,2845,1438,3674,4653,3492,2882,908,464,2487,3940,790,2055,3011,953,1734,4156,3856,302,0,0,0,0,0,0,0,0,0,0,0,0,0,0,0,0,0,0,0,0,0,0,0,0,0,0,0,0,0,0,0,0,0,0,0,0,0,0,0,0,0,0,0,0,0,0,0,0,0,0,0,0,0,0,0,0,0,0,0,0"
213,"3935,3553,4720,610,1789,3856,4156,736,4344,1444,3703,1430,3011,925,5288,4156,579,4720,3011,848,1704,5422,1889,1154,4156,4344,31,4744,3674,3011,1297,1616,2857,3703,4849,2344,4156,4113,908,610,0,0,0,0,0,0,0,0,0,0,0,0,0,0,0,0,0,0,0,0,0,0,0,0,0,0,0,0,0,0,0,0,0,0,0,0,0,0,0,0,0,0,0,0,0,0,0,0,0,0,0,0,0,0,0,0,0,0,0,0"
214,"4344,1444,117,4653,2909,5198,4156,2685,1659,895,1430,3940,790,0,0,0,0,0,0,0,4344,117,4653,895,3940,2121,3273,2868,882,1659,5367,3352,4283,4156,2717,4344,1444,2616,3824,3674,0,0,0,0,0,0,0,0,0,0,0,0,0,0,0,0,0,0,0,0,0,0,0,0,0,0,0,0,0,0,0,0,0,0,0,0,0,0,0,0,0,0,0,0,0,0,0,0,0,0,0,0,0,0,0,0,0,0,0,0"
215,"1071,4156,5269,1912,209,5099,4977,1840,1919,1960,2011,224,1336,4262,4156,4811,3112,4344,1444,1258,1071,4156,5269,1912,209,3112,2882,1912,308,4327,3434,308,589,324,4977,5284,4156,5227,3112,3752,0,0,0,0,0,0,0,0,0,0,0,0,0,0,0,0,0,0,0,0,0,0,0,0,0,0,0,0,0,0,0,0,0,0,0,0,0,0,0,0,0,0,0,0,0,0,0,0,0,0,0,0,0,0,0,0,0,0,0,0"
216,"1071,4156,2121,2268,5269,908,610,3012,4156,4474,3752,1960,855,778,3686,3208,4653,1671,5207,4958,1071,4156,2121,2268,5269,908,610,3012,4156,4474,3752,1960,855,778,3686,3208,4653,1671,5207,4958,0,0,0,0,0,0,0,0,0,0,0,0,0,0,0,0,0,0,0,0,0,0,0,0,0,0,0,0,0,0,0,0,0,0,0,0,0,0,0,0,0,0,0,0,0,0,0,0,0,0,0,0,0,0,0,0,0,0,0,0"
217,"742,2845,4720,1960,244,4563,4344,895,1430,3024,3674,3195,4031,4411,1106,4124,5001,4710,5435,1659,3567,4156,5269,1912,2213,1150,1924,2532,4344,3013,5269,1691,2487,3011,1158,668,1960,364,4156,934,0,0,0,0,0,0,0,0,0,0,0,0,0,0,0,0,0,0,0,0,0,0,0,0,0,0,0,0,0,0,0,0,0,0,0,0,0,0,0,0,0,0,0,0,0,0,0,0,0,0,0,0,0,0,0,0,0,0,0,0"
218,"1931,3273,0,2421,4156,563,1912,610,5200,0,4265,3988,3463,4434,4344,1885,3011,2685,3554,559,1931,3273,0,2421,4156,563,1912,610,5200,0,4265,3988,3463,4434,4344,1885,3011,2685,3554,559,1931,3273,0,2421,4156,563,1912,610,5200,0,4265,3988,3463,4434,4344,1885,3011,2685,3554,559,1931,3273,0,2421,4156,563,1912,610,5200,0,4265,3988,3463,4434,4344,1885,3011,2685,3554,559,1931,3273,0,2421,4156,563,1912,610,5200,0,4265,3988,3463,4434,4344,1885,3011,2685,3554,559"
